,companyName,currentValue,change,pChange,updatedOn,securityID,scripCode,group,faceValue,industry,previousClose,previousOpen,dayHigh,dayLow,52weekHigh,52weekLow,weightedAvgPrice,totalTradedValue,totalTradedQuantity,2WeekAvgQuantity,marketCapFull,marketCapFreeFloat
0,RELIANCE INDUSTRIES LTD.,2506.55,68.00,2.79,26 May 23 | 04:00 PM,RELIANCE,500325,A  / S&P BSE SENSEX,10.00,"Oil, Gas & Consumable Fuels",2438.55,2453.60,2510.00,2449.15,2816.35,2180.00,2489.45,65.00 Cr.,2.61 Lakh,1.05 Lakh,"16,95,833.65 Cr.","8,47,916.82 Cr."
0,TATA CONSULTANCY SERVICES LTD.,3329.00,34.25,1.04,26 May 23 | 04:00 PM,TCS,532540,A  / S&P BSE SENSEX,1.00,Information Technology,3294.75,3288.05,3339.00,3288.05,3575.00,2926.00,3315.19,22.14 Cr.,0.67 Lakh,0.29 Lakh,"12,18,098.20 Cr.","3,41,067.50 Cr."
0,HDFC Bank Ltd,1615.50,5.90,0.37,26 May 23 | 04:00 PM,HDFCBANK,500180,A  / S&P BSE SENSEX,1.00,Financial Services,1609.60,1616.10,1618.50,1602.00,1733.95,1271.75,1609.89,23.97 Cr.,1.49 Lakh,1.44 Lakh,"9,02,742.36 Cr.","7,13,166.46 Cr."
0,ICICI BANK LTD.,950.55,10.75,1.14,26 May 23 | 04:00 PM,ICICIBANK,532174,A  / S&P BSE SENSEX,2.00,Financial Services,939.80,940.00,952.30,935.60,958.00,670.35,945.34,8.38 Cr.,0.89 Lakh,2.27 Lakh,"6,64,553.58 Cr.","6,64,553.58 Cr."
0,HINDUSTAN UNILEVER LTD.,2651.60,51.90,2.00,26 May 23 | 04:00 PM,HINDUNILVR,500696,A  / S&P BSE SENSEX,1.00,Fast Moving Consumer Goods,2599.70,2599.75,2655.45,2599.75,2741.00,2100.00,2631.00,14.95 Cr.,0.57 Lakh,0.20 Lakh,"6,23,017.62 Cr.","2,36,746.70 Cr."
0,INFOSYS LTD.,1317.30,12.80,0.98,26 May 23 | 04:00 PM,INFY,500209,A  / S&P BSE SENSEX,5.00,Information Technology,1304.50,1309.00,1323.10,1307.00,1672.45,1215.45,1317.02,44.48 Cr.,3.38 Lakh,4.97 Lakh,"5,46,662.99 Cr.","4,70,130.17 Cr."
0,ITC LTD.,443.70,2.60,0.59,26 May 23 | 04:00 PM,ITC,500875,A  / S&P BSE SENSEX,1.00,Fast Moving Consumer Goods,441.10,443.00,444.75,439.75,444.75,258.05,443.00,10.51 Cr.,2.37 Lakh,4.45 Lakh,"5,51,431.15 Cr.","3,91,516.11 Cr."
0,STATE BANK OF INDIA,585.85,4.55,0.78,26 May 23 | 04:00 PM,SBIN,500112,A  / S&P BSE SENSEX,1.00,Financial Services,581.30,581.00,587.65,580.25,629.65,430.80,585.16,32.75 Cr.,5.60 Lakh,6.08 Lakh,"5,22,848.39 Cr.","2,24,824.81 Cr."
0,HOUSING DEVELOPMENT FINANCE CORP.LTD.,2650.15,0.40,0.02,26 May 23 | 04:00 PM,HDFC,500010,A  / S&P BSE SENSEX,2.00,Financial Services,2649.75,2649.70,2657.00,2632.00,2867.00,2026.55,2643.89,20.42 Cr.,0.77 Lakh,0.33 Lakh,"4,88,466.16 Cr.","4,83,581.50 Cr."
0,BHARTI AIRTEL LTD.,817.85,-5.15,-0.63,26 May 23 | 04:00 PM,BHARTIARTL,532454,A  / S&P BSE SENSEX,5.00,Telecommunication,823.00,825.00,828.25,813.35,877.10,629.05,819.16,7.02 Cr.,0.86 Lakh,1.59 Lakh,"4,56,031.45 Cr.","2,05,214.15 Cr."
0,Bajaj Finance Limited,6902.65,65.05,0.95,26 May 23 | 04:00 PM,BAJFINANCE,500034,A  / S&P BSE SENSEX,2.00,Financial Services,6837.60,6850.00,6918.80,6800.00,7777.00,5235.60,6886.31,21.47 Cr.,0.31 Lakh,0.29 Lakh,"4,17,907.64 Cr.","1,83,879.36 Cr."
0,KOTAK MAHINDRA BANK LTD.,1944.95,15.00,0.78,26 May 23 | 04:00 PM,KOTAKBANK,500247,A  / S&P BSE SENSEX,5.00,Financial Services,1929.95,1940.45,1949.00,1922.90,1997.00,1630.00,1936.55,11.47 Cr.,0.59 Lakh,0.41 Lakh,"3,86,386.71 Cr.","2,85,926.16 Cr."
0,Life Insurance Corporation of India,604.05,0.45,0.07,26 May 23 | 04:00 PM,LICI,543526,A  / S&P BSE 200,10.00,Financial Services,603.60,608.00,610.20,603.30,841.00,530.20,606.43,10.43 Cr.,1.72 Lakh,1.26 Lakh,"3,82,061.49 Cr.","15,282.46 Cr."
0,LARSEN & TOUBRO LTD.,2218.00,12.10,0.55,26 May 23 | 04:00 PM,LT,500510,A  / S&P BSE SENSEX,2.00,Construction,2205.90,2205.05,2220.90,2201.25,2416.00,1456.80,2209.32,30.06 Cr.,1.36 Lakh,0.60 Lakh,"3,11,756.04 Cr.","2,68,110.19 Cr."
0,HCL TECHNOLOGIES LTD.,1138.60,22.50,2.02,26 May 23 | 04:00 PM,HCLTECH,532281,A  / S&P BSE SENSEX,2.00,Information Technology,1116.10,1108.05,1139.95,1108.05,1156.80,875.65,1133.26,13.16 Cr.,1.16 Lakh,1.13 Lakh,"3,08,977.91 Cr.","1,20,501.38 Cr."
0,ASIAN PAINTS LTD.,3127.20,4.90,0.16,26 May 23 | 04:00 PM,ASIANPAINT,500820,A  / S&P BSE SENSEX,1.00,Consumer Durables,3122.30,3117.05,3136.15,3112.00,3590.00,2560.25,3126.71,6.35 Cr.,0.20 Lakh,0.32 Lakh,"2,99,960.33 Cr.","1,40,981.36 Cr."
0,AXIS BANK LTD.,926.95,5.95,0.65,26 May 23 | 04:00 PM,AXISBANK,532215,A  / S&P BSE SENSEX,2.00,Financial Services,921.00,917.25,927.80,915.10,970.45,618.10,921.33,5.97 Cr.,0.65 Lakh,1.05 Lakh,"2,85,376.34 Cr.","2,53,984.94 Cr."
0,ADANI ENTERPRISES LTD.,2543.35,7.25,0.29,26 May 23 | 04:00 PM,ADANIENT,512599,A  / S&P BSE 100,1.00,Metals & Mining,2536.10,2564.00,2600.00,2533.50,4189.55,1017.10,2559.46,44.60 Cr.,1.74 Lakh,9.91 Lakh,"2,89,942.19 Cr.","78,284.39 Cr."
0,MARUTI SUZUKI INDIA LTD.,9397.15,115.20,1.24,26 May 23 | 04:00 PM,MARUTI,532500,A  / S&P BSE SENSEX,5.00,Automobile and Auto Components,9281.95,9300.00,9415.95,9300.00,9768.65,7557.60,9383.63,14.24 Cr.,0.15 Lakh,0.07 Lakh,"2,83,869.16 Cr.","1,24,902.43 Cr."
0,Titan Company Limited,2741.95,37.50,1.39,26 May 23 | 04:00 PM,TITAN,500114,A  / S&P BSE SENSEX,1.00,Consumer Durables,2704.45,2705.00,2759.00,2700.00,2801.00,1827.15,2736.45,4.16 Cr.,0.15 Lakh,0.49 Lakh,"2,43,426.53 Cr.","1,14,410.47 Cr."
0,SUN PHARMACEUTICAL INDUSTRIES LTD.,970.65,25.95,2.75,26 May 23 | 04:00 PM,SUNPHARMA,524715,A  / S&P BSE SENSEX,1.00,Healthcare,944.70,947.45,976.65,937.20,1071.90,789.75,961.38,15.32 Cr.,1.59 Lakh,0.42 Lakh,"2,32,885.99 Cr.","1,04,798.69 Cr."
0,BAJAJ FINSERV LTD.,1438.05,10.70,0.75,26 May 23 | 04:00 PM,BAJAJFINSV,532978,A  / S&P BSE SENSEX,1.00,Financial Services,1427.35,1425.10,1446.20,1425.10,1846.00,1077.70,1439.23,10.04 Cr.,0.70 Lakh,0.50 Lakh,"2,29,054.83 Cr.","77,878.64 Cr."
0,Avenue Supermarts Ltd,3502.25,66.35,1.93,26 May 23 | 04:00 PM,DMART,540376,A  / S&P BSE 100,10.00,Consumer Services,3435.90,3440.05,3512.00,3440.05,4606.00,3292.65,3481.12,12.57 Cr.,0.36 Lakh,0.21 Lakh,"2,27,508.24 Cr.","52,326.90 Cr."
0,ULTRATECH CEMENT LTD.,7723.80,118.25,1.55,26 May 23 | 04:00 PM,ULTRACEMCO,532538,A  / S&P BSE SENSEX,10.00,Construction Materials,7605.55,7700.30,7749.00,7639.30,7908.75,5158.05,7737.43,11.19 Cr.,0.14 Lakh,0.05 Lakh,"2,22,975.56 Cr.","89,190.22 Cr."
0,WIPRO LTD.,401.50,7.30,1.85,26 May 23 | 04:00 PM,WIPRO,507685,A  / S&P BSE SENSEX,2.00,Information Technology,394.20,395.20,402.00,395.00,488.00,351.85,399.87,19.95 Cr.,4.99 Lakh,2.48 Lakh,"2,20,367.07 Cr.","59,499.11 Cr."
0,Oil and Natural Gas Corporation Ltd,163.60,-2.70,-1.62,26 May 23 | 04:00 PM,ONGC,500312,A  / S&P BSE 100,5.00,"Oil, Gas & Consumable Fuels",166.30,165.75,167.40,162.30,168.95,119.80,163.54,17.81 Cr.,10.89 Lakh,6.45 Lakh,"2,05,813.37 Cr.","63,802.14 Cr."
0,NESTLE INDIA LTD.,21589.90,117.50,0.55,26 May 23 | 04:00 PM,NESTLEIND,500790,A  / S&P BSE SENSEX,10.00,Fast Moving Consumer Goods,21472.40,21400.05,21615.95,21374.75,22295.95,16433.45,21503.19,4.41 Cr.,0.02 Lakh,0.05 Lakh,"2,08,160.57 Cr.","77,019.41 Cr."
0,TATA MOTORS LTD.,518.55,3.85,0.75,26 May 23 | 04:00 PM,TATAMOTORS,500570,A  / S&P BSE SENSEX,2.00,Automobile and Auto Components,514.70,513.05,519.75,512.20,537.15,375.50,516.76,18.22 Cr.,3.53 Lakh,8.85 Lakh,"1,72,232.45 Cr.","91,283.20 Cr."
0,NTPC LTD.,174.40,-0.05,-0.03,26 May 23 | 04:00 PM,NTPC,532555,A  / S&P BSE SENSEX,10.00,Power,174.45,175.35,177.20,174.15,182.80,135.00,175.07,12.83 Cr.,7.33 Lakh,2.91 Lakh,"1,69,109.86 Cr.","82,863.83 Cr."
0,JSW STEEL LTD.,701.55,4.65,0.67,26 May 23 | 04:00 PM,JSWSTEEL,500228,A  / S&P BSE 100,1.00,Metals & Mining,696.90,699.95,705.40,694.50,783.35,520.10,700.07,2.81 Cr.,0.40 Lakh,0.44 Lakh,"1,69,580.10 Cr.","64,440.44 Cr."
0,POWER GRID CORPORATION OF INDIA LTD.,237.25,-0.65,-0.27,26 May 23 | 04:00 PM,POWERGRID,532898,A  / S&P BSE SENSEX,10.00,Power,237.90,237.90,238.00,234.85,249.45,186.35,236.28,2.99 Cr.,1.27 Lakh,5.05 Lakh,"1,65,492.62 Cr.","81,091.38 Cr."
0,MAHINDRA & MAHINDRA LTD.,1281.85,4.30,0.34,26 May 23 | 04:00 PM,M&M,500520,A  / S&P BSE SENSEX,5.00,Automobile and Auto Components,1277.55,1284.00,1293.15,1267.20,1396.00,914.85,1286.98,35.57 Cr.,2.76 Lakh,0.65 Lakh,"1,59,401.74 Cr.","1,22,739.34 Cr."
0,Adani Green Energy Ltd,963.30,-7.50,-0.77,26 May 23 | 04:00 PM,ADANIGREEN,541450,A  / S&P BSE 200,10.00,Power,970.80,975.30,982.15,960.00,2574.05,439.35,968.79,16.59 Cr.,1.71 Lakh,3.16 Lakh,"1,52,589.85 Cr.","33,569.77 Cr."
0,ADANI PORTS AND SPECIAL ECONOMIC ZONE LTD.,726.90,1.85,0.26,26 May 23 | 04:00 PM,ADANIPORTS,532921,A  / S&P BSE 100,2.00,Services,725.05,727.65,730.05,720.80,987.90,394.95,726.06,30.29 Cr.,4.17 Lakh,7.47 Lakh,"1,57,020.50 Cr.","61,237.99 Cr."
0,COAL INDIA LTD.,241.30,1.25,0.52,26 May 23 | 04:00 PM,COALINDIA,533278,A  / S&P BSE 100,10.00,"Oil, Gas & Consumable Fuels",240.05,239.15,242.40,239.15,263.30,174.60,241.37,5.76 Cr.,2.39 Lakh,2.87 Lakh,"1,48,706.63 Cr.","50,560.26 Cr."
0,LTIMindtree Ltd,5000.65,91.55,1.86,26 May 23 | 04:00 PM,LTIM,540005,A  / S&P BSE 100,1.00,Information Technology,4909.10,4915.05,5018.00,4915.05,5360.65,3733.25,4982.30,5.22 Cr.,0.10 Lakh,0.16 Lakh,"1,47,940.89 Cr.","45,861.68 Cr."
0,HINDUSTAN ZINC LTD.,305.55,0.45,0.15,26 May 23 | 04:00 PM,HINDZINC,500188,A  / S&P BSE 200,2.00,Metals & Mining,305.10,307.00,307.90,304.50,383.00,242.40,305.86,1.84 Cr.,0.60 Lakh,0.46 Lakh,"1,29,104.62 Cr.","7,746.28 Cr."
0,TATA STEEL LTD.,106.40,1.50,1.43,26 May 23 | 04:00 PM,TATASTEEL,500470,A  / S&P BSE SENSEX,1.00,Metals & Mining,104.90,104.90,106.70,104.90,124.30,82.71,105.79,47.13 Cr.,44.55 Lakh,19.13 Lakh,"1,30,019.82 Cr.","85,813.08 Cr."
0,PIDILITE INDUSTRIES LTD.,2585.50,60.90,2.41,26 May 23 | 04:00 PM,PIDILITIND,500331,A  / S&P BSE 100,1.00,Chemicals,2524.60,2540.00,2590.00,2520.70,2916.85,1988.60,2565.71,5.83 Cr.,0.23 Lakh,0.14 Lakh,"1,31,424.65 Cr.","39,427.39 Cr."
0,BAJAJ AUTO LTD.,4611.00,-32.85,-0.71,26 May 23 | 04:00 PM,BAJAJ-AUTO,532977,A  / S&P BSE 100,10.00,Automobile and Auto Components,4643.85,4606.05,4663.90,4604.30,4663.90,3462.05,4628.34,11.81 Cr.,0.26 Lakh,0.26 Lakh,"1,30,471.64 Cr.","52,188.66 Cr."
0,INDIAN OIL CORPORATION LTD.,90.13,0.95,1.07,26 May 23 | 04:00 PM,IOC,530965,A  / S&P BSE 100,10.00,"Oil, Gas & Consumable Fuels",89.18,89.15,90.30,89.02,90.30,65.20,90.04,11.71 Cr.,13.00 Lakh,15.29 Lakh,"1,27,274.72 Cr.","34,364.17 Cr."
0,SIEMENS LTD.,3519.95,32.90,0.94,26 May 23 | 04:00 PM,SIEMENS,500550,A  / S&P BSE 100,2.00,Capital Goods,3487.05,3492.10,3544.70,3480.15,3940.00,2253.45,3516.91,3.88 Cr.,0.11 Lakh,0.33 Lakh,"1,25,352.55 Cr.","31,338.14 Cr."
0,HDFC Life Insurance Company Ltd,576.90,4.55,0.79,26 May 23 | 04:00 PM,HDFCLIFE,540777,A  / S&P BSE 100,10.00,Financial Services,572.35,570.55,578.75,569.80,620.70,457.95,574.44,5.55 Cr.,0.97 Lakh,0.39 Lakh,"1,23,998.66 Cr.","57,039.38 Cr."
0,SBI Life Insurance Company Ltd,1196.10,18.30,1.55,26 May 23 | 04:00 PM,SBILIFE,540719,A  / S&P BSE 100,10.00,Financial Services,1177.80,1176.95,1203.75,1176.55,1339.55,1039.25,1191.21,3.15 Cr.,0.26 Lakh,0.09 Lakh,"1,19,717.85 Cr.","53,873.03 Cr."
0,DLF LTD.,478.20,1.00,0.21,26 May 23 | 04:00 PM,DLF,532868,A  / S&P BSE 100,2.00,Realty,477.20,474.05,484.40,471.55,484.40,294.75,478.58,7.93 Cr.,1.66 Lakh,3.16 Lakh,"1,18,369.41 Cr.","29,592.35 Cr."
0,GRASIM INDUSTRIES LTD.,1687.25,-15.85,-0.93,26 May 23 | 04:00 PM,GRASIM,500300,A  / S&P BSE 100,2.00,Construction Materials,1703.10,1700.00,1717.00,1667.90,1839.30,1276.90,1685.98,10.11 Cr.,0.60 Lakh,0.09 Lakh,"1,11,093.96 Cr.","62,212.62 Cr."
0,BRITANNIA INDUSTRIES LTD.,4596.90,32.35,0.71,26 May 23 | 04:00 PM,BRITANNIA,500825,A  / S&P BSE 100,1.00,Fast Moving Consumer Goods,4564.55,4595.00,4622.00,4553.15,4706.05,3272.00,4584.30,4.52 Cr.,0.10 Lakh,0.10 Lakh,"1,10,724.75 Cr.","54,255.13 Cr."
0,Vedanta Limited,297.65,1.85,0.63,26 May 23 | 04:00 PM,VEDL,500295,A  / S&P BSE 100,1.00,Metals & Mining,295.80,297.40,298.55,295.40,340.75,206.10,297.08,18.03 Cr.,6.07 Lakh,8.30 Lakh,"1,10,642.36 Cr.","35,405.55 Cr."
0,TECH MAHINDRA LTD.,1115.20,17.20,1.57,26 May 23 | 04:00 PM,TECHM,532755,A  / S&P BSE SENSEX,5.00,Information Technology,1098.00,1100.00,1120.00,1100.00,1196.65,944.10,1112.77,6.60 Cr.,0.59 Lakh,1.01 Lakh,"1,08,645.86 Cr.","69,533.35 Cr."
0,Varun Beverages Ltd,1701.45,76.90,4.73,26 May 23 | 04:00 PM,VBL,540180,A  / S&P BSE 200,10.00,Fast Moving Consumer Goods,1624.55,1625.20,1747.15,1625.20,1747.15,697.25,1692.95,25.02 Cr.,1.48 Lakh,1.06 Lakh,"1,10,519.05 Cr.","39,786.86 Cr."
0,GODREJ CONSUMER PRODUCTS LTD.,1049.75,19.80,1.92,26 May 23 | 04:00 PM,GODREJCP,532424,A  / S&P BSE 100,1.00,Fast Moving Consumer Goods,1029.95,1030.10,1051.40,1030.10,1051.40,708.60,1044.12,3.83 Cr.,0.37 Lakh,0.18 Lakh,"1,07,358.26 Cr.","39,722.56 Cr."
0,Adani Transmission Ltd,850.80,-40.65,-4.56,26 May 23 | 04:00 PM,ADANITRANS,539254,A  / S&P BSE 200,10.00,Power,891.45,895.00,898.00,847.00,4238.55,630.00,863.63,11.19 Cr.,1.30 Lakh,1.39 Lakh,"94,906.12 Cr.","25,624.65 Cr."
0,Hindustan Aeronautics Ltd,3021.10,8.45,0.28,26 May 23 | 04:00 PM,HAL,541154,A  / S&P BSE 200,10.00,Capital Goods,3012.65,3020.30,3070.00,2995.75,3168.00,1698.85,3025.63,10.15 Cr.,0.34 Lakh,0.43 Lakh,"1,01,021.81 Cr.","28,286.11 Cr."
0,EICHER MOTORS LTD.,3690.50,37.25,1.02,26 May 23 | 04:00 PM,EICHERMOT,505200,A  / S&P BSE 100,1.00,Automobile and Auto Components,3653.25,3626.10,3696.95,3610.00,3886.00,2585.30,3667.25,7.84 Cr.,0.21 Lakh,0.35 Lakh,"1,00,991.87 Cr.","50,495.93 Cr."
0,ADANI POWER LTD.,258.05,-1.30,-0.50,26 May 23 | 04:00 PM,ADANIPOWER,533096,A  / S&P BSE 100,10.00,Power,259.35,260.80,263.70,257.00,432.80,132.55,259.89,20.42 Cr.,7.86 Lakh,11.50 Lakh,"99,528.31 Cr.","19,905.66 Cr."
0,INDUSIND BANK LTD.,1268.20,4.55,0.36,26 May 23 | 04:00 PM,INDUSINDBK,532187,A  / S&P BSE SENSEX,10.00,Financial Services,1263.65,1259.95,1271.70,1255.85,1275.50,763.75,1265.26,5.19 Cr.,0.41 Lakh,0.94 Lakh,"98,401.24 Cr.","82,657.04 Cr."
0,BANK OF BARODA,183.50,1.70,0.94,26 May 23 | 04:00 PM,BANKBARODA,532134,A  / S&P BSE 100,2.00,Financial Services,181.80,180.30,184.70,180.30,197.20,89.90,183.46,12.08 Cr.,6.58 Lakh,10.79 Lakh,"94,894.50 Cr.","34,162.02 Cr."
0,DABUR INDIA LTD.,541.95,11.90,2.25,26 May 23 | 04:00 PM,DABUR,500096,A  / S&P BSE 100,1.00,Fast Moving Consumer Goods,530.05,518.40,543.50,518.40,610.40,482.20,536.75,1.58 Cr.,0.29 Lakh,0.57 Lakh,"96,020.72 Cr.","31,686.84 Cr."
0,HINDALCO INDUSTRIES LTD.,413.40,9.00,2.23,26 May 23 | 04:00 PM,HINDALCO,500440,A  / S&P BSE 100,1.00,Metals & Mining,404.40,403.25,415.00,402.80,504.00,309.00,411.66,13.96 Cr.,3.39 Lakh,2.29 Lakh,"92,899.02 Cr.","60,384.37 Cr."
0,DIVI'S LABORATORIES LTD.,3511.25,77.45,2.26,26 May 23 | 04:00 PM,DIVISLAB,532488,A  / S&P BSE 100,2.00,Healthcare,3433.80,3435.05,3520.00,3426.25,3976.70,2730.00,3488.67,8.26 Cr.,0.24 Lakh,0.29 Lakh,"93,212.66 Cr.","44,742.07 Cr."
0,InterGlobe Aviation Ltd,2324.15,14.65,0.63,26 May 23 | 04:00 PM,INDIGO,539448,A  / S&P BSE 100,10.00,Services,2309.50,2300.00,2326.00,2293.00,2332.85,1513.30,2314.04,3.83 Cr.,0.17 Lakh,0.40 Lakh,"89,606.93 Cr.","28,674.22 Cr."
0,Adani Total Gas Ltd,760.55,-35.35,-4.44,26 May 23 | 04:00 PM,ATGL,542066,A  / S&P BSE 200,1.00,"Oil, Gas & Consumable Fuels",795.90,801.05,805.90,756.70,3998.35,633.35,773.82,11.31 Cr.,1.46 Lakh,2.63 Lakh,"83,646.06 Cr.","20,911.51 Cr."
0,SHREE CEMENT LTD.,24991.00,741.65,3.06,26 May 23 | 04:00 PM,SHREECEM,500387,A  / S&P BSE 100,10.00,Construction Materials,24249.35,24270.00,25079.95,24239.30,27013.00,17900.00,24700.76,6.86 Cr.,0.03 Lakh,0.01 Lakh,"90,169.40 Cr.","33,362.68 Cr."
0,Cholamandalam Investment and Finance Company Ltd,1050.15,-9.40,-0.89,26 May 23 | 04:00 PM,CHOLAFIN,511243,A  / S&P BSE 100,2.00,Financial Services,1059.55,1059.55,1063.75,1041.55,1069.45,594.00,1047.18,3.53 Cr.,0.34 Lakh,0.89 Lakh,"86,326.57 Cr.","41,436.75 Cr."
0,SBI Cards and Payment Services Ltd,901.20,6.70,0.75,26 May 23 | 04:00 PM,SBICARD,543066,A  / S&P BSE 100,10.00,Financial Services,894.50,901.90,903.00,891.55,1028.75,656.10,899.54,2.95 Cr.,0.33 Lakh,0.62 Lakh,"85,263.98 Cr.","26,431.83 Cr."
0,AMBUJA CEMENTS LTD.,424.70,5.55,1.32,26 May 23 | 04:00 PM,AMBUJACEM,500425,A  / S&P BSE 100,2.00,Construction Materials,419.15,421.00,425.50,417.35,598.15,315.30,422.29,5.37 Cr.,1.27 Lakh,3.64 Lakh,"84,330.35 Cr.","31,202.23 Cr."
0,ABB India Limited,4005.80,61.85,1.57,26 May 23 | 04:00 PM,ABB,500002,A  / S&P BSE 200,2.00,Capital Goods,3943.95,3942.00,4012.05,3942.00,4012.05,2121.00,3992.13,3.11 Cr.,0.08 Lakh,0.06 Lakh,"84,886.26 Cr.","21,221.56 Cr."
0,HAVELLS INDIA LTD.,1288.70,10.00,0.78,26 May 23 | 04:00 PM,HAVELLS,517354,A  / S&P BSE 100,1.00,Consumer Durables,1278.70,1271.05,1292.00,1271.05,1405.85,1058.70,1287.13,2.37 Cr.,0.18 Lakh,0.18 Lakh,"80,738.31 Cr.","32,295.32 Cr."
0,BHARAT ELECTRONICS LTD.,110.60,1.00,0.91,26 May 23 | 04:00 PM,BEL,500049,A  / S&P BSE 100,1.00,Capital Goods,109.60,109.70,110.90,109.10,115.00,74.16,110.31,6.64 Cr.,6.02 Lakh,5.64 Lakh,"80,846.15 Cr.","39,614.62 Cr."
0,BHARAT PETROLEUM CORPORATION LTD.,364.25,1.00,0.28,26 May 23 | 04:00 PM,BPCL,500547,A  / S&P BSE 100,10.00,"Oil, Gas & Consumable Fuels",363.25,363.30,367.05,363.05,374.85,288.20,364.45,1.18 Cr.,0.33 Lakh,1.11 Lakh,"79,015.03 Cr.","35,556.76 Cr."
0,BAJAJ HOLDINGS & INVESTMENT LTD.,7081.45,150.35,2.17,26 May 23 | 04:00 PM,BAJAJHLDNG,500490,A  / S&P BSE 100,10.00,Financial Services,6931.10,6900.10,7130.35,6824.65,7377.60,4299.80,7017.51,1.74 Cr.,0.02 Lakh,0.01 Lakh,"78,811.94 Cr.","33,101.02 Cr."
0,CIPLA LTD.,951.00,6.50,0.69,26 May 23 | 04:00 PM,CIPLA,500087,A  / S&P BSE 100,2.00,Healthcare,944.50,944.00,952.60,940.80,1185.20,852.00,947.54,2.00 Cr.,0.21 Lakh,1.21 Lakh,"76,760.64 Cr.","50,662.02 Cr."
0,DR.REDDY'S LABORATORIES LTD.,4530.05,27.90,0.62,26 May 23 | 04:00 PM,DRREDDY,500124,A  / S&P BSE 100,5.00,Healthcare,4502.15,4482.05,4539.00,4482.05,4987.00,3996.10,4525.57,1.61 Cr.,0.04 Lakh,0.10 Lakh,"75,434.28 Cr.","55,067.03 Cr."
0,SRF LTD.,2515.70,43.15,1.75,26 May 23 | 04:00 PM,SRF,503806,A  / S&P BSE 100,10.00,Chemicals,2472.55,2474.00,2522.40,2472.85,2864.35,2002.50,2501.08,1.85 Cr.,0.07 Lakh,0.09 Lakh,"74,571.59 Cr.","36,540.08 Cr."
0,Tata Consumer Products Ltd,789.75,9.80,1.26,26 May 23 | 04:00 PM,TATACONSUM,500800,A  / S&P BSE 100,1.00,Fast Moving Consumer Goods,779.95,780.05,790.95,780.05,861.35,685.00,788.01,2.05 Cr.,0.26 Lakh,0.26 Lakh,"73,368.70 Cr.","46,955.96 Cr."
0,GAIL (INDIA) LTD.,106.50,-1.25,-1.16,26 May 23 | 04:00 PM,GAIL,532155,A  / S&P BSE 100,10.00,"Oil, Gas & Consumable Fuels",107.75,107.80,108.95,106.10,113.95,83.00,107.04,2.45 Cr.,2.29 Lakh,7.48 Lakh,"70,024.81 Cr.","28,710.17 Cr."
0,MARICO LTD.,544.25,15.85,3.00,26 May 23 | 04:00 PM,MARICO,531642,A  / S&P BSE 100,1.00,Fast Moving Consumer Goods,528.40,528.40,545.30,528.40,554.05,462.95,540.39,5.13 Cr.,0.95 Lakh,0.20 Lakh,"70,379.67 Cr.","28,151.87 Cr."
0,TATA POWER CO.LTD.,212.10,1.25,0.59,26 May 23 | 04:00 PM,TATAPOWER,500400,A  / S&P BSE 100,1.00,Power,210.85,212.00,213.75,210.65,251.00,182.45,212.17,26.16 Cr.,12.33 Lakh,5.94 Lakh,"67,773.15 Cr.","35,919.77 Cr."
0,APOLLO HOSPITALS ENTERPRISE LTD.,4610.10,40.25,0.88,26 May 23 | 04:00 PM,APOLLOHOSP,508869,A  / S&P BSE 100,5.00,Healthcare,4569.85,4570.00,4620.00,4559.10,4900.00,3365.90,4601.15,3.14 Cr.,0.07 Lakh,0.10 Lakh,"66,286.16 Cr.","46,400.32 Cr."
0,ICICI Prudential Life Insurance Company Ltd,445.45,7.25,1.65,26 May 23 | 04:00 PM,ICICIPRULI,540133,A  / S&P BSE 100,10.00,Financial Services,438.20,435.25,447.30,435.25,608.65,380.95,443.00,1.15 Cr.,0.26 Lakh,0.29 Lakh,"64,081.49 Cr.","17,302.00 Cr."
0,BERGER PAINTS INDIA LTD.,647.35,6.45,1.01,26 May 23 | 04:00 PM,BERGEPAINT,509480,A  / S&P BSE 200,1.00,Consumer Durables,640.90,640.85,648.55,638.45,710.00,527.60,644.60,1.35 Cr.,0.21 Lakh,0.55 Lakh,"62,885.03 Cr.","15,092.41 Cr."
0,UNITED SPIRITS LTD.,858.45,17.05,2.03,26 May 23 | 04:00 PM,UNITDSPR,532432,A  / S&P BSE 200,2.00,Fast Moving Consumer Goods,841.40,840.00,860.95,837.95,951.95,712.30,855.74,6.27 Cr.,0.73 Lakh,0.34 Lakh,"62,439.43 Cr.","24,975.77 Cr."
0,TVS MOTOR COMPANY LTD.,1292.05,8.50,0.66,26 May 23 | 04:00 PM,TVSMOTOR,532343,A  / S&P BSE 200,1.00,Automobile and Auto Components,1283.55,1281.95,1301.00,1273.85,1301.00,694.00,1291.47,4.91 Cr.,0.38 Lakh,0.21 Lakh,"61,383.63 Cr.","30,077.98 Cr."
0,Adani Wilmar Ltd,450.35,-1.40,-0.31,26 May 23 | 04:00 PM,AWL,543458,A  / S&P BSE 200,1.00,Fast Moving Consumer Goods,451.75,455.85,457.95,447.25,841.90,327.00,452.11,8.29 Cr.,1.83 Lakh,8.53 Lakh,"58,531.03 Cr.","7,023.72 Cr."
0,IDBI BANK LTD.,54.63,-0.83,-1.50,26 May 23 | 04:00 PM,IDBI,500116,A  / S&P BSE 200,10.00,Financial Services,55.46,55.51,55.85,54.37,62.00,30.50,55.08,1.65 Cr.,2.99 Lakh,6.90 Lakh,"58,740.37 Cr.","2,937.02 Cr."
0,TORRENT PHARMACEUTICALS LTD.,1702.25,1.35,0.08,26 May 23 | 04:00 PM,TORNTPHARM,500420,A  / S&P BSE 200,5.00,Healthcare,1700.90,1690.05,1706.90,1689.00,1722.70,1343.88,1699.48,0.47 Cr.,0.03 Lakh,0.15 Lakh,"57,609.29 Cr.","15,554.51 Cr."
0,CG Power and Industrial Solutions Ltd,386.30,13.00,3.48,26 May 23 | 04:00 PM,CGPOWER,500093,A  / S&P BSE 200,2.00,Capital Goods,373.30,374.50,389.00,373.30,389.00,162.00,381.33,9.60 Cr.,2.52 Lakh,0.93 Lakh,"58,995.70 Cr.","24,778.20 Cr."
0,BOSCH LTD.,18941.40,158.85,0.85,26 May 23 | 04:00 PM,BOSCHLTD,500530,A  / S&P BSE 200,10.00,Automobile and Auto Components,18782.55,18800.70,18974.75,18777.20,19854.20,13166.60,18918.72,1.20 Cr.,0.01 Lakh,0.01 Lakh,"55,865.08 Cr.","16,200.87 Cr."
0,Zomato Ltd,67.29,-0.03,-0.04,26 May 23 | 04:00 PM,ZOMATO,543320,A  / S&P BSE 200,1.00,Consumer Services,67.32,67.20,68.23,65.77,79.80,40.55,66.95,28.56 Cr.,42.66 Lakh,44.39 Lakh,"57,729.35 Cr.","28,864.67 Cr."
0,Samvardhana Motherson International Ltd,80.78,-0.93,-1.14,26 May 23 | 04:00 PM,MOTHERSON,517334,A  / S&P BSE 200,1.00,Automobile and Auto Components,81.71,82.45,82.45,80.01,91.68,61.84,81.47,16.36 Cr.,20.09 Lakh,8.68 Lakh,"54,738.83 Cr.","19,158.59 Cr."
0,PUNJAB NATIONAL BANK,50.36,0.70,1.41,26 May 23 | 04:00 PM,PNB,532461,A  / S&P BSE 200,2.00,Financial Services,49.66,49.67,50.48,49.67,62.05,28.05,50.20,12.56 Cr.,25.02 Lakh,32.14 Lakh,"55,451.47 Cr.","14,971.90 Cr."
0,HERO MOTOCORP LTD.,2745.70,13.70,0.50,26 May 23 | 04:00 PM,HEROMOTOCO,500182,A  / S&P BSE 100,2.00,Automobile and Auto Components,2732.00,2724.05,2748.80,2714.70,2939.35,2246.75,2736.65,1.65 Cr.,0.06 Lakh,0.30 Lakh,"54,870.52 Cr.","35,665.84 Cr."
0,CANARA BANK,306.70,7.10,2.37,26 May 23 | 04:00 PM,CANBK,532483,A  / S&P BSE 200,10.00,Financial Services,299.60,301.25,307.70,300.55,341.60,171.70,305.82,8.39 Cr.,2.74 Lakh,3.66 Lakh,"55,639.37 Cr.","20,586.57 Cr."
0,Max Healthcare Institute Ltd,539.70,3.30,0.62,26 May 23 | 04:00 PM,MAXHEALTH,543220,A  / S&P BSE 200,10.00,Healthcare,536.40,528.40,556.35,528.40,564.95,306.00,544.27,6.42 Cr.,1.18 Lakh,1.66 Lakh,"52,409.79 Cr.","39,831.44 Cr."
0,INDIAN HOTELS CO.LTD.,383.90,3.40,0.89,26 May 23 | 04:00 PM,INDHOTEL,500850,A  / S&P BSE 100,1.00,Consumer Services,380.50,384.45,386.05,381.30,389.20,207.25,383.54,4.14 Cr.,1.08 Lakh,3.03 Lakh,"54,529.17 Cr.","33,808.08 Cr."
0,TRENT LTD.,1530.65,16.50,1.09,26 May 23 | 04:00 PM,TRENT,500251,A  / S&P BSE 100,1.00,Consumer Services,1514.15,1499.55,1533.00,1495.70,1571.00,1005.10,1523.28,2.07 Cr.,0.14 Lakh,0.12 Lakh,"54,412.69 Cr.","33,735.87 Cr."
0,Mankind Pharma Ltd,1323.25,-3.55,-0.27,26 May 23 | 04:00 PM,MANKIND,543904,B  / S&P BSE IPO,1.00,Healthcare,1326.80,1322.05,1333.80,1320.00,1439.00,1240.75,1327.14,0.75 Cr.,0.06 Lakh,0.43 Lakh,"53,007.87 Cr.","3,710.55 Cr."
0,ICICI Lombard General Insurance Company Ltd,1099.90,19.45,1.80,26 May 23 | 04:00 PM,ICICIGI,540716,A  / S&P BSE 100,10.00,Financial Services,1080.45,1070.50,1104.30,1070.50,1369.00,1049.10,1093.13,2.72 Cr.,0.25 Lakh,0.16 Lakh,"54,021.47 Cr.","28,091.16 Cr."
0,UPL Limited,688.20,12.50,1.85,26 May 23 | 04:00 PM,UPL,512070,A  / S&P BSE 100,2.00,Chemicals,675.70,676.00,688.90,676.00,807.00,607.80,685.19,2.01 Cr.,0.29 Lakh,0.60 Lakh,"52,581.61 Cr.","35,229.68 Cr."
0,JINDAL STEEL & POWER LTD.,520.30,9.50,1.86,26 May 23 | 04:00 PM,JINDALSTEL,532286,A  / S&P BSE 200,1.00,Metals & Mining,510.80,512.00,522.40,508.50,622.40,304.20,516.63,4.06 Cr.,0.79 Lakh,0.87 Lakh,"53,075.18 Cr.","19,107.07 Cr."
