,sentence,prefix,suffix,dir,header,ScripCode,dir_status
0,Net Sales - YoY Growth in year ended Mar 2022 is 49.91% vs -21.86% in Mar 2021,Net Sales,YoY Growth in year ended Mar 2022 is 49.91% vs -21.86% in Mar 2021,1,P & L Analysis Highlights,500325,good
1,Operating Profit (PBDIT) excl Other Income - YoY Growth in year ended Mar 2022 is 36.81% vs -9.29% in Mar 2021,Operating Profit (PBDIT) excl Other Income,YoY Growth in year ended Mar 2022 is 36.81% vs -9.29% in Mar 2021,1,P & L Analysis Highlights,500325,good
2,Interest - YoY Growth in year ended Mar 2022 is -31.17% vs -3.80% in Mar 2021,Interest,YoY Growth in year ended Mar 2022 is -31.17% vs -3.80% in Mar 2021,1,P & L Analysis Highlights,500325,good
3,Profit After Tax - YoY Growth in year ended Mar 2022 is 26.95% vs 33.82% in Mar 2021,Profit After Tax,YoY Growth in year ended Mar 2022 is 26.95% vs 33.82% in Mar 2021,-1,P & L Analysis Highlights,500325,bad
4,Net Sales - YoY Growth in year ended Mar 2023 is 17.58% vs 16.80% in Mar 2022,Net Sales,YoY Growth in year ended Mar 2023 is 17.58% vs 16.80% in Mar 2022,1,P & L Analysis Highlights,532540,good
5,Operating Profit (PBDIT) excl Other Income - YoY Growth in year ended Mar 2023 is 11.69% vs 13.99% in Mar 2022,Operating Profit (PBDIT) excl Other Income,YoY Growth in year ended Mar 2023 is 11.69% vs 13.99% in Mar 2022,-1,P & L Analysis Highlights,532540,bad
6,Interest - YoY Growth in year ended Mar 2023 is -0.64% vs 23.08% in Mar 2022,Interest,YoY Growth in year ended Mar 2023 is -0.64% vs 23.08% in Mar 2022,1,P & L Analysis Highlights,532540,good
7,Profit After Tax - YoY Growth in year ended Mar 2023 is 10.02% vs 18.08% in Mar 2022,Profit After Tax,YoY Growth in year ended Mar 2023 is 10.02% vs 18.08% in Mar 2022,-1,P & L Analysis Highlights,532540,bad
8,Interest Earned - YoY Growth in year ended Mar 2022 is 5.70% vs 5.27% in Mar 2021,Interest Earned,YoY Growth in year ended Mar 2022 is 5.70% vs 5.27% in Mar 2021,1,P & L Analysis Highlights,500180,good
9,Operating Profit (PBDIT) - YoY Growth in year ended Mar 2022 is 11.71% vs 17.67% in Mar 2021,Operating Profit (PBDIT),YoY Growth in year ended Mar 2022 is 11.71% vs 17.67% in Mar 2021,-1,P & L Analysis Highlights,500180,bad
10,Profit After Tax - YoY Growth in year ended Mar 2022 is 18.78% vs 18.51% in Mar 2021,Profit After Tax,YoY Growth in year ended Mar 2022 is 18.78% vs 18.51% in Mar 2021,1,P & L Analysis Highlights,500180,good
11,Interest Earned - YoY Growth in year ended Mar 2022 is 9.17% vs 5.78% in Mar 2021,Interest Earned,YoY Growth in year ended Mar 2022 is 9.17% vs 5.78% in Mar 2021,1,P & L Analysis Highlights,532174,good
12,Operating Profit (PBDIT) - YoY Growth in year ended Mar 2022 is 7.84% vs 29.52% in Mar 2021,Operating Profit (PBDIT),YoY Growth in year ended Mar 2022 is 7.84% vs 29.52% in Mar 2021,-1,P & L Analysis Highlights,532174,bad
13,Profit After Tax - YoY Growth in year ended Mar 2022 is 44.14% vs 104.17% in Mar 2021,Profit After Tax,YoY Growth in year ended Mar 2022 is 44.14% vs 104.17% in Mar 2021,-1,P & L Analysis Highlights,532174,bad
14,Net Sales - YoY Growth in year ended Mar 2022 is 11.52% vs 18.21% in Mar 2021,Net Sales,YoY Growth in year ended Mar 2022 is 11.52% vs 18.21% in Mar 2021,-1,P & L Analysis Highlights,500696,bad
15,Operating Profit (PBDIT) excl Other Income - YoY Growth in year ended Mar 2022 is 10.59% vs 17.90% in Mar 2021,Operating Profit (PBDIT) excl Other Income,YoY Growth in year ended Mar 2022 is 10.59% vs 17.90% in Mar 2021,-1,P & L Analysis Highlights,500696,bad
16,Interest - YoY Growth in year ended Mar 2022 is -9.40% vs -0.85% in Mar 2021,Interest,YoY Growth in year ended Mar 2022 is -9.40% vs -0.85% in Mar 2021,1,P & L Analysis Highlights,500696,good
17,Profit After Tax - YoY Growth in year ended Mar 2022 is 11.09% vs 18.27% in Mar 2021,Profit After Tax,YoY Growth in year ended Mar 2022 is 11.09% vs 18.27% in Mar 2021,-1,P & L Analysis Highlights,500696,bad
18,Net Sales - YoY Growth in year ended Mar 2023 is 20.66% vs 21.07% in Mar 2022,Net Sales,YoY Growth in year ended Mar 2023 is 20.66% vs 21.07% in Mar 2022,-1,P & L Analysis Highlights,500209,bad
19,Operating Profit (PBDIT) excl Other Income - YoY Growth in year ended Mar 2023 is 11.56% vs 12.92% in Mar 2022,Operating Profit (PBDIT) excl Other Income,YoY Growth in year ended Mar 2023 is 11.56% vs 12.92% in Mar 2022,-1,P & L Analysis Highlights,500209,bad
20,Interest - YoY Growth in year ended Mar 2023 is 42.00% vs 2.56% in Mar 2022,Interest,YoY Growth in year ended Mar 2023 is 42.00% vs 2.56% in Mar 2022,-1,P & L Analysis Highlights,500209,bad
21,Profit After Tax - YoY Growth in year ended Mar 2023 is 8.86% vs 14.02% in Mar 2022,Profit After Tax,YoY Growth in year ended Mar 2023 is 8.86% vs 14.02% in Mar 2022,-1,P & L Analysis Highlights,500209,bad
22,Net Sales - YoY Growth in year ended Mar 2022 is 23.13% vs -0.27% in Mar 2021,Net Sales,YoY Growth in year ended Mar 2022 is 23.13% vs -0.27% in Mar 2021,1,P & L Analysis Highlights,500875,good
23,Operating Profit (PBDIT) excl Other Income - YoY Growth in year ended Mar 2022 is 21.53% vs -11.77% in Mar 2021,Operating Profit (PBDIT) excl Other Income,YoY Growth in year ended Mar 2022 is 21.53% vs -11.77% in Mar 2021,1,P & L Analysis Highlights,500875,good
24,Interest - YoY Growth in year ended Mar 2022 is 3.48% vs -28.77% in Mar 2021,Interest,YoY Growth in year ended Mar 2022 is 3.48% vs -28.77% in Mar 2021,-1,P & L Analysis Highlights,500875,bad
25,Profit After Tax - YoY Growth in year ended Mar 2022 is 15.65% vs -14.08% in Mar 2021,Profit After Tax,YoY Growth in year ended Mar 2022 is 15.65% vs -14.08% in Mar 2021,1,P & L Analysis Highlights,500875,good
26,Interest Earned - YoY Growth in year ended Mar 2022 is 3.89% vs 3.04% in Mar 2021,Interest Earned,YoY Growth in year ended Mar 2022 is 3.89% vs 3.04% in Mar 2021,1,P & L Analysis Highlights,500112,good
27,Operating Profit (PBDIT) - YoY Growth in year ended Mar 2022 is -5.14% vs 5.02% in Mar 2021,Operating Profit (PBDIT),YoY Growth in year ended Mar 2022 is -5.14% vs 5.02% in Mar 2021,-1,P & L Analysis Highlights,500112,bad
28,Profit After Tax - YoY Growth in year ended Mar 2022 is 55.19% vs 40.88% in Mar 2021,Profit After Tax,YoY Growth in year ended Mar 2022 is 55.19% vs 40.88% in Mar 2021,1,P & L Analysis Highlights,500112,good
29,Net Sales - YoY Growth in year ended Mar 2022 is -2.24% vs 36.68% in Mar 2021,Net Sales,YoY Growth in year ended Mar 2022 is -2.24% vs 36.68% in Mar 2021,-1,P & L Analysis Highlights,500010,bad
30,Operating Profit (PBDIT) excl Other Income - YoY Growth in year ended Mar 2022 is 0.37% vs -11.43% in Mar 2021,Operating Profit (PBDIT) excl Other Income,YoY Growth in year ended Mar 2022 is 0.37% vs -11.43% in Mar 2021,1,P & L Analysis Highlights,500010,good
31,Interest - YoY Growth in year ended Mar 2022 is -6.36% vs -9.43% in Mar 2021,Interest,YoY Growth in year ended Mar 2022 is -6.36% vs -9.43% in Mar 2021,-1,P & L Analysis Highlights,500010,bad
32,Profit After Tax - YoY Growth in year ended Mar 2022 is 11.10% vs -20.58% in Mar 2021,Profit After Tax,YoY Growth in year ended Mar 2022 is 11.10% vs -20.58% in Mar 2021,1,P & L Analysis Highlights,500010,good
33,Net Sales - YoY Growth in year ended Mar 2022 is 15.83% vs 18.82% in Mar 2021,Net Sales,YoY Growth in year ended Mar 2022 is 15.83% vs 18.82% in Mar 2021,-1,P & L Analysis Highlights,532454,bad
34,Operating Profit (PBDIT) excl Other Income - YoY Growth in year ended Mar 2022 is 26.81% vs 32.46% in Mar 2021,Operating Profit (PBDIT) excl Other Income,YoY Growth in year ended Mar 2022 is 26.81% vs 32.46% in Mar 2021,-1,P & L Analysis Highlights,532454,bad
35,Interest - YoY Growth in year ended Mar 2022 is 10.11% vs 7.23% in Mar 2021,Interest,YoY Growth in year ended Mar 2022 is 10.11% vs 7.23% in Mar 2021,-1,P & L Analysis Highlights,532454,bad
36,Profit After Tax - YoY Growth in year ended Mar 2022 is 125.21% vs 29.21% in Mar 2021,Profit After Tax,YoY Growth in year ended Mar 2022 is 125.21% vs 29.21% in Mar 2021,1,P & L Analysis Highlights,532454,good
37,Net Sales - YoY Growth in year ended Mar 2022 is 18.62% vs 1.12% in Mar 2021,Net Sales,YoY Growth in year ended Mar 2022 is 18.62% vs 1.12% in Mar 2021,1,P & L Analysis Highlights,500034,good
38,Operating Profit (PBDIT) excl Other Income - YoY Growth in year ended Mar 2022 is 24.69% vs -8.08% in Mar 2021,Operating Profit (PBDIT) excl Other Income,YoY Growth in year ended Mar 2022 is 24.69% vs -8.08% in Mar 2021,1,P & L Analysis Highlights,500034,good
39,Interest - YoY Growth in year ended Mar 2022 is 3.45% vs -0.92% in Mar 2021,Interest,YoY Growth in year ended Mar 2022 is 3.45% vs -0.92% in Mar 2021,-1,P & L Analysis Highlights,500034,bad
40,Profit After Tax - YoY Growth in year ended Mar 2022 is 59.02% vs -16.03% in Mar 2021,Profit After Tax,YoY Growth in year ended Mar 2022 is 59.02% vs -16.03% in Mar 2021,1,P & L Analysis Highlights,500034,good
41,Interest Earned - YoY Growth in year ended Mar 2022 is 0.74% vs -0.33% in Mar 2021,Interest Earned,YoY Growth in year ended Mar 2022 is 0.74% vs -0.33% in Mar 2021,1,P & L Analysis Highlights,500247,good
42,Operating Profit (PBDIT) - YoY Growth in year ended Mar 2022 is 2.46% vs 17.38% in Mar 2021,Operating Profit (PBDIT),YoY Growth in year ended Mar 2022 is 2.46% vs 17.38% in Mar 2021,-1,P & L Analysis Highlights,500247,bad
43,Profit After Tax - YoY Growth in year ended Mar 2022 is 23.09% vs 17.11% in Mar 2021,Profit After Tax,YoY Growth in year ended Mar 2022 is 23.09% vs 17.11% in Mar 2021,1,P & L Analysis Highlights,500247,good
44,Net Sales - YoY Growth in year ended Mar 2022 is 3.37% vs 9.08% in Mar 2021,Net Sales,YoY Growth in year ended Mar 2022 is 3.37% vs 9.08% in Mar 2021,-1,P & L Analysis Highlights,543526,bad
45,Operating Profit (PBDIT) excl Other Income - YoY Growth in year ended Mar 2022 is 101.07% vs 292.18% in Mar 2021,Operating Profit (PBDIT) excl Other Income,YoY Growth in year ended Mar 2022 is 101.07% vs 292.18% in Mar 2021,-1,P & L Analysis Highlights,543526,bad
46,Interest - YoY Growth in year ended Mar 2022 is -23.69% vs 94.91% in Mar 2021,Interest,YoY Growth in year ended Mar 2022 is -23.69% vs 94.91% in Mar 2021,1,P & L Analysis Highlights,543526,good
47,Profit After Tax - YoY Growth in year ended Mar 2022 is 38.69% vs 9.73% in Mar 2021,Profit After Tax,YoY Growth in year ended Mar 2022 is 38.69% vs 9.73% in Mar 2021,1,P & L Analysis Highlights,543526,good
48,Net Sales - YoY Growth in year ended Mar 2022 is 15.11% vs -6.51% in Mar 2021,Net Sales,YoY Growth in year ended Mar 2022 is 15.11% vs -6.51% in Mar 2021,1,P & L Analysis Highlights,500510,good
49,Operating Profit (PBDIT) excl Other Income - YoY Growth in year ended Mar 2022 is 3.69% vs -4.45% in Mar 2021,Operating Profit (PBDIT) excl Other Income,YoY Growth in year ended Mar 2022 is 3.69% vs -4.45% in Mar 2021,1,P & L Analysis Highlights,500510,good
50,Interest - YoY Growth in year ended Mar 2022 is -21.40% vs 6.61% in Mar 2021,Interest,YoY Growth in year ended Mar 2022 is -21.40% vs 6.61% in Mar 2021,1,P & L Analysis Highlights,500510,good
51,Profit After Tax - YoY Growth in year ended Mar 2022 is 23.94% vs -19.11% in Mar 2021,Profit After Tax,YoY Growth in year ended Mar 2022 is 23.94% vs -19.11% in Mar 2021,1,P & L Analysis Highlights,500510,good
52,Net Sales - YoY Growth in year ended Mar 2022 is 13.63% vs 6.65% in Mar 2021,Net Sales,YoY Growth in year ended Mar 2022 is 13.63% vs 6.65% in Mar 2021,1,P & L Analysis Highlights,532281,good
53,Operating Profit (PBDIT) excl Other Income - YoY Growth in year ended Mar 2022 is 2.40% vs 15.78% in Mar 2021,Operating Profit (PBDIT) excl Other Income,YoY Growth in year ended Mar 2022 is 2.40% vs 15.78% in Mar 2021,-1,P & L Analysis Highlights,532281,bad
54,Interest - YoY Growth in year ended Mar 2022 is -37.57% vs 1.19% in Mar 2021,Interest,YoY Growth in year ended Mar 2022 is -37.57% vs 1.19% in Mar 2021,1,P & L Analysis Highlights,532281,good
55,Profit After Tax - YoY Growth in year ended Mar 2022 is 21.09% vs 1.01% in Mar 2021,Profit After Tax,YoY Growth in year ended Mar 2022 is 21.09% vs 1.01% in Mar 2021,1,P & L Analysis Highlights,532281,good
56,Net Sales - YoY Growth in year ended Mar 2022 is 34.03% vs 7.43% in Mar 2021,Net Sales,YoY Growth in year ended Mar 2022 is 34.03% vs 7.43% in Mar 2021,1,P & L Analysis Highlights,500820,good
57,Operating Profit (PBDIT) excl Other Income - YoY Growth in year ended Mar 2022 is -1.07% vs 16.67% in Mar 2021,Operating Profit (PBDIT) excl Other Income,YoY Growth in year ended Mar 2022 is -1.07% vs 16.67% in Mar 2021,-1,P & L Analysis Highlights,500820,bad
58,Interest - YoY Growth in year ended Mar 2022 is 4.13% vs -10.46% in Mar 2021,Interest,YoY Growth in year ended Mar 2022 is 4.13% vs -10.46% in Mar 2021,-1,P & L Analysis Highlights,500820,bad
59,Profit After Tax - YoY Growth in year ended Mar 2022 is -3.93% vs 16.48% in Mar 2021,Profit After Tax,YoY Growth in year ended Mar 2022 is -3.93% vs 16.48% in Mar 2021,-1,P & L Analysis Highlights,500820,bad
60,Interest Earned - YoY Growth in year ended Mar 2022 is 6.36% vs 1.14% in Mar 2021,Interest Earned,YoY Growth in year ended Mar 2022 is 6.36% vs 1.14% in Mar 2021,1,P & L Analysis Highlights,532215,good
61,Operating Profit (PBDIT) - YoY Growth in year ended Mar 2022 is 6.98% vs -1.33% in Mar 2021,Operating Profit (PBDIT),YoY Growth in year ended Mar 2022 is 6.98% vs -1.33% in Mar 2021,1,P & L Analysis Highlights,532215,good
62,Profit After Tax - YoY Growth in year ended Mar 2022 is 97.70% vs 304.89% in Mar 2021,Profit After Tax,YoY Growth in year ended Mar 2022 is 97.70% vs 304.89% in Mar 2021,-1,P & L Analysis Highlights,532215,bad
63,Net Sales - YoY Growth in year ended Mar 2022 is 75.58% vs -8.91% in Mar 2021,Net Sales,YoY Growth in year ended Mar 2022 is 75.58% vs -8.91% in Mar 2021,1,P & L Analysis Highlights,512599,good
64,Operating Profit (PBDIT) excl Other Income - YoY Growth in year ended Mar 2022 is 48.23% vs 9.66% in Mar 2021,Operating Profit (PBDIT) excl Other Income,YoY Growth in year ended Mar 2022 is 48.23% vs 9.66% in Mar 2021,1,P & L Analysis Highlights,512599,good
65,Interest - YoY Growth in year ended Mar 2022 is 83.45% vs -12.43% in Mar 2021,Interest,YoY Growth in year ended Mar 2022 is 83.45% vs -12.43% in Mar 2021,-1,P & L Analysis Highlights,512599,bad
66,Profit After Tax - YoY Growth in year ended Mar 2022 is -36.30% vs -6.48% in Mar 2021,Profit After Tax,YoY Growth in year ended Mar 2022 is -36.30% vs -6.48% in Mar 2021,-1,P & L Analysis Highlights,512599,bad
67,Net Sales - YoY Growth in year ended Mar 2022 is 25.52% vs -6.99% in Mar 2021,Net Sales,YoY Growth in year ended Mar 2022 is 25.52% vs -6.99% in Mar 2021,1,P & L Analysis Highlights,532500,good
68,Operating Profit (PBDIT) excl Other Income - YoY Growth in year ended Mar 2022 is 6.63% vs -26.82% in Mar 2021,Operating Profit (PBDIT) excl Other Income,YoY Growth in year ended Mar 2022 is 6.63% vs -26.82% in Mar 2021,1,P & L Analysis Highlights,532500,good
69,Interest - YoY Growth in year ended Mar 2022 is 24.36% vs -24.14% in Mar 2021,Interest,YoY Growth in year ended Mar 2022 is 24.36% vs -24.14% in Mar 2021,-1,P & L Analysis Highlights,532500,bad
70,Profit After Tax - YoY Growth in year ended Mar 2022 is -11.91% vs -24.09% in Mar 2021,Profit After Tax,YoY Growth in year ended Mar 2022 is -11.91% vs -24.09% in Mar 2021,1,P & L Analysis Highlights,532500,good
71,Net Sales - YoY Growth in year ended Mar 2022 is 33.06% vs 2.81% in Mar 2021,Net Sales,YoY Growth in year ended Mar 2022 is 33.06% vs 2.81% in Mar 2021,1,P & L Analysis Highlights,500114,good
72,Operating Profit (PBDIT) excl Other Income - YoY Growth in year ended Mar 2022 is 93.79% vs -30.12% in Mar 2021,Operating Profit (PBDIT) excl Other Income,YoY Growth in year ended Mar 2022 is 93.79% vs -30.12% in Mar 2021,1,P & L Analysis Highlights,500114,good
73,Interest - YoY Growth in year ended Mar 2022 is 7.39% vs 22.29% in Mar 2021,Interest,YoY Growth in year ended Mar 2022 is 7.39% vs 22.29% in Mar 2021,1,P & L Analysis Highlights,500114,good
74,Profit After Tax - YoY Growth in year ended Mar 2022 is 124.51% vs -34.60% in Mar 2021,Profit After Tax,YoY Growth in year ended Mar 2022 is 124.51% vs -34.60% in Mar 2021,1,P & L Analysis Highlights,500114,good
75,Net Sales - YoY Growth in year ended Mar 2022 is 15.39% vs 2.01% in Mar 2021,Net Sales,YoY Growth in year ended Mar 2022 is 15.39% vs 2.01% in Mar 2021,1,P & L Analysis Highlights,524715,good
76,Operating Profit (PBDIT) excl Other Income - YoY Growth in year ended Mar 2022 is 20.97% vs 21.42% in Mar 2021,Operating Profit (PBDIT) excl Other Income,YoY Growth in year ended Mar 2022 is 20.97% vs 21.42% in Mar 2021,-1,P & L Analysis Highlights,524715,bad
77,Interest - YoY Growth in year ended Mar 2022 is -9.96% vs -53.28% in Mar 2021,Interest,YoY Growth in year ended Mar 2022 is -9.96% vs -53.28% in Mar 2021,-1,P & L Analysis Highlights,524715,bad
78,Profit After Tax - YoY Growth in year ended Mar 2022 is 49.07% vs -45.43% in Mar 2021,Profit After Tax,YoY Growth in year ended Mar 2022 is 49.07% vs -45.43% in Mar 2021,1,P & L Analysis Highlights,524715,good
79,Net Sales - YoY Growth in year ended Mar 2022 is 12.90% vs 11.49% in Mar 2021,Net Sales,YoY Growth in year ended Mar 2022 is 12.90% vs 11.49% in Mar 2021,1,P & L Analysis Highlights,532978,good
80,Operating Profit (PBDIT) excl Other Income - YoY Growth in year ended Mar 2022 is 9.15% vs 7.57% in Mar 2021,Operating Profit (PBDIT) excl Other Income,YoY Growth in year ended Mar 2022 is 9.15% vs 7.57% in Mar 2021,1,P & L Analysis Highlights,532978,good
81,Interest - YoY Growth in year ended Mar 2022 is 3.84% vs -2.38% in Mar 2021,Interest,YoY Growth in year ended Mar 2022 is 3.84% vs -2.38% in Mar 2021,-1,P & L Analysis Highlights,532978,bad
82,Profit After Tax - YoY Growth in year ended Mar 2022 is 12.84% vs 22.94% in Mar 2021,Profit After Tax,YoY Growth in year ended Mar 2022 is 12.84% vs 22.94% in Mar 2021,-1,P & L Analysis Highlights,532978,bad
83,Net Sales - YoY Growth in year ended Mar 2022 is 28.30% vs -2.92% in Mar 2021,Net Sales,YoY Growth in year ended Mar 2022 is 28.30% vs -2.92% in Mar 2021,1,P & L Analysis Highlights,540376,good
84,Operating Profit (PBDIT) excl Other Income - YoY Growth in year ended Mar 2022 is 43.34% vs -18.10% in Mar 2021,Operating Profit (PBDIT) excl Other Income,YoY Growth in year ended Mar 2022 is 43.34% vs -18.10% in Mar 2021,1,P & L Analysis Highlights,540376,good
85,Interest - YoY Growth in year ended Mar 2022 is 29.15% vs -39.74% in Mar 2021,Interest,YoY Growth in year ended Mar 2022 is 29.15% vs -39.74% in Mar 2021,-1,P & L Analysis Highlights,540376,bad
86,Profit After Tax - YoY Growth in year ended Mar 2022 is 35.74% vs -15.49% in Mar 2021,Profit After Tax,YoY Growth in year ended Mar 2022 is 35.74% vs -15.49% in Mar 2021,1,P & L Analysis Highlights,540376,good
87,Net Sales - YoY Growth in year ended Mar 2022 is 17.60% vs 5.41% in Mar 2021,Net Sales,YoY Growth in year ended Mar 2022 is 17.60% vs 5.41% in Mar 2021,1,P & L Analysis Highlights,532538,good
88,Operating Profit (PBDIT) excl Other Income - YoY Growth in year ended Mar 2022 is -0.46% vs 25.10% in Mar 2021,Operating Profit (PBDIT) excl Other Income,YoY Growth in year ended Mar 2022 is -0.46% vs 25.10% in Mar 2021,-1,P & L Analysis Highlights,532538,bad
89,Interest - YoY Growth in year ended Mar 2022 is -36.41% vs -25.41% in Mar 2021,Interest,YoY Growth in year ended Mar 2022 is -36.41% vs -25.41% in Mar 2021,1,P & L Analysis Highlights,532538,good
90,Profit After Tax - YoY Growth in year ended Mar 2022 is 34.91% vs -7.57% in Mar 2021,Profit After Tax,YoY Growth in year ended Mar 2022 is 34.91% vs -7.57% in Mar 2021,1,P & L Analysis Highlights,532538,good
91,Net Sales - YoY Growth in year ended Mar 2022 is 28.06% vs 1.30% in Mar 2021,Net Sales,YoY Growth in year ended Mar 2022 is 28.06% vs 1.30% in Mar 2021,1,P & L Analysis Highlights,507685,good
92,Operating Profit (PBDIT) excl Other Income - YoY Growth in year ended Mar 2022 is 12.95% vs 19.68% in Mar 2021,Operating Profit (PBDIT) excl Other Income,YoY Growth in year ended Mar 2022 is 12.95% vs 19.68% in Mar 2021,-1,P & L Analysis Highlights,507685,bad
93,Interest - YoY Growth in year ended Mar 2022 is 4.66% vs -30.57% in Mar 2021,Interest,YoY Growth in year ended Mar 2022 is 4.66% vs -30.57% in Mar 2021,-1,P & L Analysis Highlights,507685,bad
94,Profit After Tax - YoY Growth in year ended Mar 2022 is 12.74% vs 11.12% in Mar 2021,Profit After Tax,YoY Growth in year ended Mar 2022 is 12.74% vs 11.12% in Mar 2021,1,P & L Analysis Highlights,507685,good
95,Net Sales - YoY Growth in year ended Mar 2022 is 61.60% vs -23.38% in Mar 2021,Net Sales,YoY Growth in year ended Mar 2022 is 61.60% vs -23.38% in Mar 2021,1,P & L Analysis Highlights,500312,good
96,Operating Profit (PBDIT) excl Other Income - YoY Growth in year ended Mar 2022 is 61.47% vs -5.06% in Mar 2021,Operating Profit (PBDIT) excl Other Income,YoY Growth in year ended Mar 2022 is 61.47% vs -5.06% in Mar 2021,1,P & L Analysis Highlights,500312,good
97,Interest - YoY Growth in year ended Mar 2022 is 12.15% vs -32.18% in Mar 2021,Interest,YoY Growth in year ended Mar 2022 is 12.15% vs -32.18% in Mar 2021,-1,P & L Analysis Highlights,500312,bad
98,Profit After Tax - YoY Growth in year ended Mar 2022 is 135.34% vs 93.14% in Mar 2021,Profit After Tax,YoY Growth in year ended Mar 2022 is 135.34% vs 93.14% in Mar 2021,1,P & L Analysis Highlights,500312,good
99,Net Sales - YoY Growth in year ended Dec 2022 is 14.63% vs 10.42% in Dec 2021,Net Sales,YoY Growth in year ended Dec 2022 is 14.63% vs 10.42% in Dec 2021,1,P & L Analysis Highlights,500790,good
100,Operating Profit (PBDIT) excl Other Income - YoY Growth in year ended Dec 2022 is 4.10% vs 11.40% in Dec 2021,Operating Profit (PBDIT) excl Other Income,YoY Growth in year ended Dec 2022 is 4.10% vs 11.40% in Dec 2021,-1,P & L Analysis Highlights,500790,bad
101,Interest - YoY Growth in year ended Dec 2022 is -23.36% vs 22.84% in Dec 2021,Interest,YoY Growth in year ended Dec 2022 is -23.36% vs 22.84% in Dec 2021,1,P & L Analysis Highlights,500790,good
102,Profit After Tax - YoY Growth in year ended Dec 2022 is 12.85% vs 1.73% in Dec 2021,Profit After Tax,YoY Growth in year ended Dec 2022 is 12.85% vs 1.73% in Dec 2021,1,P & L Analysis Highlights,500790,good
103,Net Sales - YoY Growth in year ended Mar 2022 is 11.47% vs -4.32% in Mar 2021,Net Sales,YoY Growth in year ended Mar 2022 is 11.47% vs -4.32% in Mar 2021,1,P & L Analysis Highlights,500570,good
104,Operating Profit (PBDIT) excl Other Income - YoY Growth in year ended Mar 2022 is -23.44% vs 79.50% in Mar 2021,Operating Profit (PBDIT) excl Other Income,YoY Growth in year ended Mar 2022 is -23.44% vs 79.50% in Mar 2021,-1,P & L Analysis Highlights,500570,bad
105,Interest - YoY Growth in year ended Mar 2022 is 15.00% vs 11.79% in Mar 2021,Interest,YoY Growth in year ended Mar 2022 is 15.00% vs 11.79% in Mar 2021,-1,P & L Analysis Highlights,500570,bad
106,Profit After Tax - YoY Growth in year ended Mar 2022 is 13.69% vs -18.60% in Mar 2021,Profit After Tax,YoY Growth in year ended Mar 2022 is 13.69% vs -18.60% in Mar 2021,1,P & L Analysis Highlights,500570,good
107,Net Sales - YoY Growth in year ended Mar 2022 is 18.95% vs 1.89% in Mar 2021,Net Sales,YoY Growth in year ended Mar 2022 is 18.95% vs 1.89% in Mar 2021,1,P & L Analysis Highlights,532555,good
108,Operating Profit (PBDIT) excl Other Income - YoY Growth in year ended Mar 2022 is 18.56% vs 7.73% in Mar 2021,Operating Profit (PBDIT) excl Other Income,YoY Growth in year ended Mar 2022 is 18.56% vs 7.73% in Mar 2021,1,P & L Analysis Highlights,532555,good
109,Interest - YoY Growth in year ended Mar 2022 is 1.00% vs 13.64% in Mar 2021,Interest,YoY Growth in year ended Mar 2022 is 1.00% vs 13.64% in Mar 2021,1,P & L Analysis Highlights,532555,good
110,Profit After Tax - YoY Growth in year ended Mar 2022 is 16.73% vs 86.92% in Mar 2021,Profit After Tax,YoY Growth in year ended Mar 2022 is 16.73% vs 86.92% in Mar 2021,-1,P & L Analysis Highlights,532555,bad
111,Net Sales - YoY Growth in year ended Mar 2022 is 83.33% vs 8.88% in Mar 2021,Net Sales,YoY Growth in year ended Mar 2022 is 83.33% vs 8.88% in Mar 2021,1,P & L Analysis Highlights,500228,good
112,Operating Profit (PBDIT) excl Other Income - YoY Growth in year ended Mar 2022 is 93.67% vs 69.64% in Mar 2021,Operating Profit (PBDIT) excl Other Income,YoY Growth in year ended Mar 2022 is 93.67% vs 69.64% in Mar 2021,1,P & L Analysis Highlights,500228,good
113,Interest - YoY Growth in year ended Mar 2022 is 25.55% vs -7.22% in Mar 2021,Interest,YoY Growth in year ended Mar 2022 is 25.55% vs -7.22% in Mar 2021,-1,P & L Analysis Highlights,500228,bad
114,Profit After Tax - YoY Growth in year ended Mar 2022 is 154.33% vs 96.36% in Mar 2021,Profit After Tax,YoY Growth in year ended Mar 2022 is 154.33% vs 96.36% in Mar 2021,1,P & L Analysis Highlights,500228,good
115,Net Sales - YoY Growth in year ended Mar 2022 is 4.99% vs 5.02% in Mar 2021,Net Sales,YoY Growth in year ended Mar 2022 is 4.99% vs 5.02% in Mar 2021,-1,P & L Analysis Highlights,532898,bad
116,Operating Profit (PBDIT) excl Other Income - YoY Growth in year ended Mar 2022 is 4.50% vs 6.23% in Mar 2021,Operating Profit (PBDIT) excl Other Income,YoY Growth in year ended Mar 2022 is 4.50% vs 6.23% in Mar 2021,-1,P & L Analysis Highlights,532898,bad
117,Interest - YoY Growth in year ended Mar 2022 is -1.21% vs -14.45% in Mar 2021,Interest,YoY Growth in year ended Mar 2022 is -1.21% vs -14.45% in Mar 2021,-1,P & L Analysis Highlights,532898,bad
118,Profit After Tax - YoY Growth in year ended Mar 2022 is 50.74% vs 24.28% in Mar 2021,Profit After Tax,YoY Growth in year ended Mar 2022 is 50.74% vs 24.28% in Mar 2021,1,P & L Analysis Highlights,532898,good
119,Net Sales - YoY Growth in year ended Mar 2022 is 21.40% vs -1.46% in Mar 2021,Net Sales,YoY Growth in year ended Mar 2022 is 21.40% vs -1.46% in Mar 2021,1,P & L Analysis Highlights,500520,good
120,Operating Profit (PBDIT) excl Other Income - YoY Growth in year ended Mar 2022 is 7.36% vs 3.68% in Mar 2021,Operating Profit (PBDIT) excl Other Income,YoY Growth in year ended Mar 2022 is 7.36% vs 3.68% in Mar 2021,1,P & L Analysis Highlights,500520,good
121,Interest - YoY Growth in year ended Mar 2022 is -17.77% vs 1.35% in Mar 2021,Interest,YoY Growth in year ended Mar 2022 is -17.77% vs 1.35% in Mar 2021,1,P & L Analysis Highlights,500520,good
122,Profit After Tax - YoY Growth in year ended Mar 2022 is 122.54% vs 43.89% in Mar 2021,Profit After Tax,YoY Growth in year ended Mar 2022 is 122.54% vs 43.89% in Mar 2021,1,P & L Analysis Highlights,500520,good
123,Net Sales - YoY Growth in year ended Mar 2022 is 64.31% vs 22.56% in Mar 2021,Net Sales,YoY Growth in year ended Mar 2022 is 64.31% vs 22.56% in Mar 2021,1,P & L Analysis Highlights,541450,good
124,Operating Profit (PBDIT) excl Other Income - YoY Growth in year ended Mar 2022 is 57.05% vs 54.14% in Mar 2021,Operating Profit (PBDIT) excl Other Income,YoY Growth in year ended Mar 2022 is 57.05% vs 54.14% in Mar 2021,1,P & L Analysis Highlights,541450,good
125,Interest - YoY Growth in year ended Mar 2022 is 34.00% vs 96.28% in Mar 2021,Interest,YoY Growth in year ended Mar 2022 is 34.00% vs 96.28% in Mar 2021,1,P & L Analysis Highlights,541450,good
126,Profit After Tax - YoY Growth in year ended Mar 2022 is 177.27% vs 388.52% in Mar 2021,Profit After Tax,YoY Growth in year ended Mar 2022 is 177.27% vs 388.52% in Mar 2021,-1,P & L Analysis Highlights,541450,bad
127,Net Sales - YoY Growth in year ended Mar 2022 is 26.97% vs 5.70% in Mar 2021,Net Sales,YoY Growth in year ended Mar 2022 is 26.97% vs 5.70% in Mar 2021,1,P & L Analysis Highlights,532921,good
128,Operating Profit (PBDIT) excl Other Income - YoY Growth in year ended Mar 2022 is 2.07% vs 46.47% in Mar 2021,Operating Profit (PBDIT) excl Other Income,YoY Growth in year ended Mar 2022 is 2.07% vs 46.47% in Mar 2021,-1,P & L Analysis Highlights,532921,bad
129,Interest - YoY Growth in year ended Mar 2022 is 12.65% vs 15.62% in Mar 2021,Interest,YoY Growth in year ended Mar 2022 is 12.65% vs 15.62% in Mar 2021,1,P & L Analysis Highlights,532921,good
130,Profit After Tax - YoY Growth in year ended Mar 2022 is -9.10% vs 33.63% in Mar 2021,Profit After Tax,YoY Growth in year ended Mar 2022 is -9.10% vs 33.63% in Mar 2021,-1,P & L Analysis Highlights,532921,bad
131,Net Sales - YoY Growth in year ended Mar 2022 is 21.87% vs -6.30% in Mar 2021,Net Sales,YoY Growth in year ended Mar 2022 is 21.87% vs -6.30% in Mar 2021,1,P & L Analysis Highlights,533278,good
132,Operating Profit (PBDIT) excl Other Income - YoY Growth in year ended Mar 2022 is 32.53% vs -15.01% in Mar 2021,Operating Profit (PBDIT) excl Other Income,YoY Growth in year ended Mar 2022 is 32.53% vs -15.01% in Mar 2021,1,P & L Analysis Highlights,533278,good
133,Interest - YoY Growth in year ended Mar 2022 is -15.69% vs 27.70% in Mar 2021,Interest,YoY Growth in year ended Mar 2022 is -15.69% vs 27.70% in Mar 2021,1,P & L Analysis Highlights,533278,good
134,Profit After Tax - YoY Growth in year ended Mar 2022 is 36.85% vs -23.93% in Mar 2021,Profit After Tax,YoY Growth in year ended Mar 2022 is 36.85% vs -23.93% in Mar 2021,1,P & L Analysis Highlights,533278,good
135,Net Sales - YoY Growth in year ended Mar 2022 is 26.67% vs 13.71% in Mar 2021,Net Sales,YoY Growth in year ended Mar 2022 is 26.67% vs 13.71% in Mar 2021,1,P & L Analysis Highlights,540005,good
136,Operating Profit (PBDIT) excl Other Income - YoY Growth in year ended Mar 2022 is 12.23% vs 34.29% in Mar 2021,Operating Profit (PBDIT) excl Other Income,YoY Growth in year ended Mar 2022 is 12.23% vs 34.29% in Mar 2021,-1,P & L Analysis Highlights,540005,bad
137,Interest - YoY Growth in year ended Mar 2022 is -7.61% vs -4.60% in Mar 2021,Interest,YoY Growth in year ended Mar 2022 is -7.61% vs -4.60% in Mar 2021,1,P & L Analysis Highlights,540005,good
138,Profit After Tax - YoY Growth in year ended Mar 2022 is 18.59% vs 27.47% in Mar 2021,Profit After Tax,YoY Growth in year ended Mar 2022 is 18.59% vs 27.47% in Mar 2021,-1,P & L Analysis Highlights,540005,bad
139,Net Sales - YoY Growth in year ended Mar 2022 is 55.91% vs 5.04% in Mar 2021,Net Sales,YoY Growth in year ended Mar 2022 is 55.91% vs 5.04% in Mar 2021,1,P & L Analysis Highlights,500470,good
140,Operating Profit (PBDIT) excl Other Income - YoY Growth in year ended Mar 2022 is 108.13% vs 71.11% in Mar 2021,Operating Profit (PBDIT) excl Other Income,YoY Growth in year ended Mar 2022 is 108.13% vs 71.11% in Mar 2021,1,P & L Analysis Highlights,500470,good
141,Interest - YoY Growth in year ended Mar 2022 is -28.19% vs 0.34% in Mar 2021,Interest,YoY Growth in year ended Mar 2022 is -28.19% vs 0.34% in Mar 2021,1,P & L Analysis Highlights,500470,good
142,Profit After Tax - YoY Growth in year ended Mar 2022 is 422.74% vs 698.63% in Mar 2021,Profit After Tax,YoY Growth in year ended Mar 2022 is 422.74% vs 698.63% in Mar 2021,-1,P & L Analysis Highlights,500470,bad
143,Net Sales - YoY Growth in year ended Mar 2022 is 36.04% vs -0.02% in Mar 2021,Net Sales,YoY Growth in year ended Mar 2022 is 36.04% vs -0.02% in Mar 2021,1,P & L Analysis Highlights,500331,good
144,Operating Profit (PBDIT) excl Other Income - YoY Growth in year ended Mar 2022 is 9.92% vs 6.64% in Mar 2021,Operating Profit (PBDIT) excl Other Income,YoY Growth in year ended Mar 2022 is 9.92% vs 6.64% in Mar 2021,1,P & L Analysis Highlights,500331,good
145,Interest - YoY Growth in year ended Mar 2022 is 13.03% vs 10.80% in Mar 2021,Interest,YoY Growth in year ended Mar 2022 is 13.03% vs 10.80% in Mar 2021,-1,P & L Analysis Highlights,500331,bad
146,Profit After Tax - YoY Growth in year ended Mar 2022 is 6.48% vs 0.28% in Mar 2021,Profit After Tax,YoY Growth in year ended Mar 2022 is 6.48% vs 0.28% in Mar 2021,1,P & L Analysis Highlights,500331,good
147,Net Sales - YoY Growth in year ended Mar 2022 is 19.48% vs -7.28% in Mar 2021,Net Sales,YoY Growth in year ended Mar 2022 is 19.48% vs -7.28% in Mar 2021,1,P & L Analysis Highlights,532977,good
148,Operating Profit (PBDIT) excl Other Income - YoY Growth in year ended Mar 2022 is 6.60% vs -3.36% in Mar 2021,Operating Profit (PBDIT) excl Other Income,YoY Growth in year ended Mar 2022 is 6.60% vs -3.36% in Mar 2021,1,P & L Analysis Highlights,532977,good
149,Interest - YoY Growth in year ended Mar 2022 is 30.03% vs 110.76% in Mar 2021,Interest,YoY Growth in year ended Mar 2022 is 30.03% vs 110.76% in Mar 2021,1,P & L Analysis Highlights,532977,good
150,Profit After Tax - YoY Growth in year ended Mar 2022 is 22.76% vs -6.95% in Mar 2021,Profit After Tax,YoY Growth in year ended Mar 2022 is 22.76% vs -6.95% in Mar 2021,1,P & L Analysis Highlights,532977,good
151,Net Sales - YoY Growth in year ended Mar 2022 is 61.93% vs -24.77% in Mar 2021,Net Sales,YoY Growth in year ended Mar 2022 is 61.93% vs -24.77% in Mar 2021,1,P & L Analysis Highlights,530965,good
152,Operating Profit (PBDIT) excl Other Income - YoY Growth in year ended Mar 2022 is 16.76% vs 148.73% in Mar 2021,Operating Profit (PBDIT) excl Other Income,YoY Growth in year ended Mar 2022 is 16.76% vs 148.73% in Mar 2021,-1,P & L Analysis Highlights,530965,bad
153,Interest - YoY Growth in year ended Mar 2022 is 46.64% vs -49.36% in Mar 2021,Interest,YoY Growth in year ended Mar 2022 is 46.64% vs -49.36% in Mar 2021,-1,P & L Analysis Highlights,530965,bad
154,Profit After Tax - YoY Growth in year ended Mar 2022 is 19.09% vs 734.27% in Mar 2021,Profit After Tax,YoY Growth in year ended Mar 2022 is 19.09% vs 734.27% in Mar 2021,-1,P & L Analysis Highlights,530965,bad
155,Net Sales - YoY Growth in year ended Sep 2022 is 22.27% vs 32.69% in Sep 2021,Net Sales,YoY Growth in year ended Sep 2022 is 22.27% vs 32.69% in Sep 2021,-1,P & L Analysis Highlights,500550,bad
156,Operating Profit (PBDIT) excl Other Income - YoY Growth in year ended Sep 2022 is 28.03% vs 44.73% in Sep 2021,Operating Profit (PBDIT) excl Other Income,YoY Growth in year ended Sep 2022 is 28.03% vs 44.73% in Sep 2021,-1,P & L Analysis Highlights,500550,bad
157,Interest - YoY Growth in year ended Sep 2022 is 49.38% vs -17.63% in Sep 2021,Interest,YoY Growth in year ended Sep 2022 is 49.38% vs -17.63% in Sep 2021,-1,P & L Analysis Highlights,500550,bad
158,Profit After Tax - YoY Growth in year ended Sep 2022 is 22.54% vs 33.83% in Sep 2021,Profit After Tax,YoY Growth in year ended Sep 2022 is 22.54% vs 33.83% in Sep 2021,-1,P & L Analysis Highlights,500550,bad
159,Net Sales - YoY Growth in year ended Mar 2022 is -5.97% vs 143.56% in Mar 2021,Net Sales,YoY Growth in year ended Mar 2022 is -5.97% vs 143.56% in Mar 2021,-1,P & L Analysis Highlights,540777,bad
160,Operating Profit (PBDIT) excl Other Income - YoY Growth in year ended Mar 2022 is -39.71% vs 6.90% in Mar 2021,Operating Profit (PBDIT) excl Other Income,YoY Growth in year ended Mar 2022 is -39.71% vs 6.90% in Mar 2021,-1,P & L Analysis Highlights,540777,bad
161,Interest - YoY Growth in year ended Mar 2022 is 44.31% vs 167.07% in Mar 2021,Interest,YoY Growth in year ended Mar 2022 is 44.31% vs 167.07% in Mar 2021,1,P & L Analysis Highlights,540777,good
162,Profit After Tax - YoY Growth in year ended Mar 2022 is -2.49% vs 4.89% in Mar 2021,Profit After Tax,YoY Growth in year ended Mar 2022 is -2.49% vs 4.89% in Mar 2021,-1,P & L Analysis Highlights,540777,bad
163,Net Sales - YoY Growth in year ended Mar 2022 is 1.15% vs 87.23% in Mar 2021,Net Sales,YoY Growth in year ended Mar 2022 is 1.15% vs 87.23% in Mar 2021,-1,P & L Analysis Highlights,540719,bad
164,Operating Profit (PBDIT) excl Other Income - YoY Growth in year ended Mar 2022 is -18.25% vs -23.48% in Mar 2021,Operating Profit (PBDIT) excl Other Income,YoY Growth in year ended Mar 2022 is -18.25% vs -23.48% in Mar 2021,1,P & L Analysis Highlights,540719,good
165,Interest - YoY Growth in year ended Mar 2022 is 20.37% vs -1.94% in Mar 2021,Interest,YoY Growth in year ended Mar 2022 is 20.37% vs -1.94% in Mar 2021,-1,P & L Analysis Highlights,540719,bad
166,Profit After Tax - YoY Growth in year ended Mar 2022 is 3.44% vs 2.37% in Mar 2021,Profit After Tax,YoY Growth in year ended Mar 2022 is 3.44% vs 2.37% in Mar 2021,1,P & L Analysis Highlights,540719,good
167,Net Sales - YoY Growth in year ended Mar 2022 is 5.60% vs -10.99% in Mar 2021,Net Sales,YoY Growth in year ended Mar 2022 is 5.60% vs -10.99% in Mar 2021,1,P & L Analysis Highlights,532868,good
168,Operating Profit (PBDIT) excl Other Income - YoY Growth in year ended Mar 2022 is 22.91% vs 24.92% in Mar 2021,Operating Profit (PBDIT) excl Other Income,YoY Growth in year ended Mar 2022 is 22.91% vs 24.92% in Mar 2021,-1,P & L Analysis Highlights,532868,bad
169,Interest - YoY Growth in year ended Mar 2022 is -26.81% vs -40.20% in Mar 2021,Interest,YoY Growth in year ended Mar 2022 is -26.81% vs -40.20% in Mar 2021,-1,P & L Analysis Highlights,532868,bad
170,Profit After Tax - YoY Growth in year ended Mar 2022 is 76.75% vs 132.27% in Mar 2021,Profit After Tax,YoY Growth in year ended Mar 2022 is 76.75% vs 132.27% in Mar 2021,-1,P & L Analysis Highlights,532868,bad
171,Net Sales - YoY Growth in year ended Mar 2022 is 27.30% vs 2.52% in Mar 2021,Net Sales,YoY Growth in year ended Mar 2022 is 27.30% vs 2.52% in Mar 2021,1,P & L Analysis Highlights,500300,good
172,Operating Profit (PBDIT) excl Other Income - YoY Growth in year ended Mar 2022 is 13.13% vs 17.62% in Mar 2021,Operating Profit (PBDIT) excl Other Income,YoY Growth in year ended Mar 2022 is 13.13% vs 17.62% in Mar 2021,-1,P & L Analysis Highlights,500300,bad
173,Interest - YoY Growth in year ended Mar 2022 is -16.55% vs -16.93% in Mar 2021,Interest,YoY Growth in year ended Mar 2022 is -16.55% vs -16.93% in Mar 2021,-1,P & L Analysis Highlights,500300,bad
174,Profit After Tax - YoY Growth in year ended Mar 2022 is 57.17% vs 9.09% in Mar 2021,Profit After Tax,YoY Growth in year ended Mar 2022 is 57.17% vs 9.09% in Mar 2021,1,P & L Analysis Highlights,500300,good
175,Net Sales - YoY Growth in year ended Mar 2022 is 7.61% vs 13.25% in Mar 2021,Net Sales,YoY Growth in year ended Mar 2022 is 7.61% vs 13.25% in Mar 2021,-1,P & L Analysis Highlights,500825,bad
176,Operating Profit (PBDIT) excl Other Income - YoY Growth in year ended Mar 2022 is -12.27% vs 36.14% in Mar 2021,Operating Profit (PBDIT) excl Other Income,YoY Growth in year ended Mar 2022 is -12.27% vs 36.14% in Mar 2021,-1,P & L Analysis Highlights,500825,bad
177,Interest - YoY Growth in year ended Mar 2022 is 30.11% vs 44.21% in Mar 2021,Interest,YoY Growth in year ended Mar 2022 is 30.11% vs 44.21% in Mar 2021,1,P & L Analysis Highlights,500825,good
178,Profit After Tax - YoY Growth in year ended Mar 2022 is -18.03% vs 32.78% in Mar 2021,Profit After Tax,YoY Growth in year ended Mar 2022 is -18.03% vs 32.78% in Mar 2021,-1,P & L Analysis Highlights,500825,bad
179,Net Sales - YoY Growth in year ended Mar 2022 is 50.80% vs 4.23% in Mar 2021,Net Sales,YoY Growth in year ended Mar 2022 is 50.80% vs 4.23% in Mar 2021,1,P & L Analysis Highlights,500295,good
180,Operating Profit (PBDIT) excl Other Income - YoY Growth in year ended Mar 2022 is 64.08% vs 32.05% in Mar 2021,Operating Profit (PBDIT) excl Other Income,YoY Growth in year ended Mar 2022 is 64.08% vs 32.05% in Mar 2021,1,P & L Analysis Highlights,500295,good
181,Interest - YoY Growth in year ended Mar 2022 is -7.93% vs 4.68% in Mar 2021,Interest,YoY Growth in year ended Mar 2022 is -7.93% vs 4.68% in Mar 2021,1,P & L Analysis Highlights,500295,good
182,Profit After Tax - YoY Growth in year ended Mar 2022 is 57.71% vs 416.95% in Mar 2021,Profit After Tax,YoY Growth in year ended Mar 2022 is 57.71% vs 416.95% in Mar 2021,-1,P & L Analysis Highlights,500295,bad
183,Net Sales - YoY Growth in year ended Mar 2022 is 17.94% vs 2.68% in Mar 2021,Net Sales,YoY Growth in year ended Mar 2022 is 17.94% vs 2.68% in Mar 2021,1,P & L Analysis Highlights,532755,good
184,Operating Profit (PBDIT) excl Other Income - YoY Growth in year ended Mar 2022 is 18.01% vs 23.38% in Mar 2021,Operating Profit (PBDIT) excl Other Income,YoY Growth in year ended Mar 2022 is 18.01% vs 23.38% in Mar 2021,-1,P & L Analysis Highlights,532755,bad
185,Interest - YoY Growth in year ended Mar 2022 is -6.55% vs -9.33% in Mar 2021,Interest,YoY Growth in year ended Mar 2022 is -6.55% vs -9.33% in Mar 2021,-1,P & L Analysis Highlights,532755,bad
186,Profit After Tax - YoY Growth in year ended Mar 2022 is 29.31% vs 11.50% in Mar 2021,Profit After Tax,YoY Growth in year ended Mar 2022 is 29.31% vs 11.50% in Mar 2021,1,P & L Analysis Highlights,532755,good
187,Net Sales - YoY Growth in year ended Dec 2022 is 49.30% vs 36.79% in Dec 2021,Net Sales,YoY Growth in year ended Dec 2022 is 49.30% vs 36.79% in Dec 2021,1,P & L Analysis Highlights,540180,good
188,Operating Profit (PBDIT) excl Other Income - YoY Growth in year ended Dec 2022 is 67.34% vs 38.07% in Dec 2021,Operating Profit (PBDIT) excl Other Income,YoY Growth in year ended Dec 2022 is 67.34% vs 38.07% in Dec 2021,1,P & L Analysis Highlights,540180,good
189,Interest - YoY Growth in year ended Dec 2022 is -1.39% vs -29.54% in Dec 2021,Interest,YoY Growth in year ended Dec 2022 is -1.39% vs -29.54% in Dec 2021,-1,P & L Analysis Highlights,540180,bad
190,Profit After Tax - YoY Growth in year ended Dec 2022 is 107.78% vs 108.82% in Dec 2021,Profit After Tax,YoY Growth in year ended Dec 2022 is 107.78% vs 108.82% in Dec 2021,-1,P & L Analysis Highlights,540180,bad
191,Net Sales - YoY Growth in year ended Mar 2022 is 11.31% vs 11.28% in Mar 2021,Net Sales,YoY Growth in year ended Mar 2022 is 11.31% vs 11.28% in Mar 2021,1,P & L Analysis Highlights,532424,good
192,Operating Profit (PBDIT) excl Other Income - YoY Growth in year ended Mar 2022 is 0.33% vs 11.40% in Mar 2021,Operating Profit (PBDIT) excl Other Income,YoY Growth in year ended Mar 2022 is 0.33% vs 11.40% in Mar 2021,-1,P & L Analysis Highlights,532424,bad
193,Interest - YoY Growth in year ended Mar 2022 is -11.18% vs -39.66% in Mar 2021,Interest,YoY Growth in year ended Mar 2022 is -11.18% vs -39.66% in Mar 2021,-1,P & L Analysis Highlights,532424,bad
194,Profit After Tax - YoY Growth in year ended Mar 2022 is 3.62% vs 15.05% in Mar 2021,Profit After Tax,YoY Growth in year ended Mar 2022 is 3.62% vs 15.05% in Mar 2021,-1,P & L Analysis Highlights,532424,bad
195,Net Sales - YoY Growth in year ended Mar 2022 is 13.41% vs -13.05% in Mar 2021,Net Sales,YoY Growth in year ended Mar 2022 is 13.41% vs -13.05% in Mar 2021,1,P & L Analysis Highlights,539254,good
196,Operating Profit (PBDIT) excl Other Income - YoY Growth in year ended Mar 2022 is 6.48% vs -11.95% in Mar 2021,Operating Profit (PBDIT) excl Other Income,YoY Growth in year ended Mar 2022 is 6.48% vs -11.95% in Mar 2021,1,P & L Analysis Highlights,539254,good
197,Interest - YoY Growth in year ended Mar 2022 is 11.71% vs -5.43% in Mar 2021,Interest,YoY Growth in year ended Mar 2022 is 11.71% vs -5.43% in Mar 2021,-1,P & L Analysis Highlights,539254,bad
198,Profit After Tax - YoY Growth in year ended Mar 2022 is -4.17% vs 82.53% in Mar 2021,Profit After Tax,YoY Growth in year ended Mar 2022 is -4.17% vs 82.53% in Mar 2021,-1,P & L Analysis Highlights,539254,bad
199,Net Sales - YoY Growth in year ended Mar 2022 is 7.59% vs 6.70% in Mar 2021,Net Sales,YoY Growth in year ended Mar 2022 is 7.59% vs 6.70% in Mar 2021,1,P & L Analysis Highlights,541154,good
200,Operating Profit (PBDIT) excl Other Income - YoY Growth in year ended Mar 2022 is 1.34% vs 8.74% in Mar 2021,Operating Profit (PBDIT) excl Other Income,YoY Growth in year ended Mar 2022 is 1.34% vs 8.74% in Mar 2021,-1,P & L Analysis Highlights,541154,bad
201,Interest - YoY Growth in year ended Mar 2022 is -75.56% vs -25.78% in Mar 2021,Interest,YoY Growth in year ended Mar 2022 is -75.56% vs -25.78% in Mar 2021,1,P & L Analysis Highlights,541154,good
202,Profit After Tax - YoY Growth in year ended Mar 2022 is 56.76% vs 12.70% in Mar 2021,Profit After Tax,YoY Growth in year ended Mar 2022 is 56.76% vs 12.70% in Mar 2021,1,P & L Analysis Highlights,541154,good
203,Net Sales - YoY Growth in year ended Mar 2022 is 18.09% vs -4.73% in Mar 2021,Net Sales,YoY Growth in year ended Mar 2022 is 18.09% vs -4.73% in Mar 2021,1,P & L Analysis Highlights,505200,good
204,Operating Profit (PBDIT) excl Other Income - YoY Growth in year ended Mar 2022 is 21.95% vs -18.30% in Mar 2021,Operating Profit (PBDIT) excl Other Income,YoY Growth in year ended Mar 2022 is 21.95% vs -18.30% in Mar 2021,1,P & L Analysis Highlights,505200,good
205,Interest - YoY Growth in year ended Mar 2022 is 14.16% vs -12.87% in Mar 2021,Interest,YoY Growth in year ended Mar 2022 is 14.16% vs -12.87% in Mar 2021,-1,P & L Analysis Highlights,505200,bad
206,Profit After Tax - YoY Growth in year ended Mar 2022 is 22.85% vs -26.73% in Mar 2021,Profit After Tax,YoY Growth in year ended Mar 2022 is 22.85% vs -26.73% in Mar 2021,1,P & L Analysis Highlights,505200,good
207,Net Sales - YoY Growth in year ended Mar 2022 is 5.68% vs -0.93% in Mar 2021,Net Sales,YoY Growth in year ended Mar 2022 is 5.68% vs -0.93% in Mar 2021,1,P & L Analysis Highlights,533096,good
208,Operating Profit (PBDIT) excl Other Income - YoY Growth in year ended Mar 2022 is 13.22% vs 52.47% in Mar 2021,Operating Profit (PBDIT) excl Other Income,YoY Growth in year ended Mar 2022 is 13.22% vs 52.47% in Mar 2021,-1,P & L Analysis Highlights,533096,bad
209,Interest - YoY Growth in year ended Mar 2022 is -19.81% vs -3.92% in Mar 2021,Interest,YoY Growth in year ended Mar 2022 is -19.81% vs -3.92% in Mar 2021,1,P & L Analysis Highlights,533096,good
210,Profit After Tax - YoY Growth in year ended Mar 2022 is 286.74% vs 155.83% in Mar 2021,Profit After Tax,YoY Growth in year ended Mar 2022 is 286.74% vs 155.83% in Mar 2021,1,P & L Analysis Highlights,533096,good
211,Interest Earned - YoY Growth in year ended Mar 2022 is 6.29% vs 0.75% in Mar 2021,Interest Earned,YoY Growth in year ended Mar 2022 is 6.29% vs 0.75% in Mar 2021,1,P & L Analysis Highlights,532187,good
212,Operating Profit (PBDIT) - YoY Growth in year ended Mar 2022 is 9.48% vs 8.86% in Mar 2021,Operating Profit (PBDIT),YoY Growth in year ended Mar 2022 is 9.48% vs 8.86% in Mar 2021,1,P & L Analysis Highlights,532187,good
213,Profit After Tax - YoY Growth in year ended Mar 2022 is 62.57% vs -35.80% in Mar 2021,Profit After Tax,YoY Growth in year ended Mar 2022 is 62.57% vs -35.80% in Mar 2021,1,P & L Analysis Highlights,532187,good
214,Interest Earned - YoY Growth in year ended Mar 2022 is -0.87% vs -7.22% in Mar 2021,Interest Earned,YoY Growth in year ended Mar 2022 is -0.87% vs -7.22% in Mar 2021,1,P & L Analysis Highlights,532134,good
215,Operating Profit (PBDIT) - YoY Growth in year ended Mar 2022 is 5.61% vs 12.19% in Mar 2021,Operating Profit (PBDIT),YoY Growth in year ended Mar 2022 is 5.61% vs 12.19% in Mar 2021,-1,P & L Analysis Highlights,532134,bad
216,Profit After Tax - YoY Growth in year ended Mar 2022 is 777.28% vs 51.77% in Mar 2021,Profit After Tax,YoY Growth in year ended Mar 2022 is 777.28% vs 51.77% in Mar 2021,1,P & L Analysis Highlights,532134,good
217,Net Sales - YoY Growth in year ended Mar 2022 is 13.88% vs 10.10% in Mar 2021,Net Sales,YoY Growth in year ended Mar 2022 is 13.88% vs 10.10% in Mar 2021,1,P & L Analysis Highlights,500096,good
218,Operating Profit (PBDIT) excl Other Income - YoY Growth in year ended Mar 2022 is 12.54% vs 11.73% in Mar 2021,Operating Profit (PBDIT) excl Other Income,YoY Growth in year ended Mar 2022 is 12.54% vs 11.73% in Mar 2021,1,P & L Analysis Highlights,500096,good
219,Interest - YoY Growth in year ended Mar 2022 is 25.28% vs -37.81% in Mar 2021,Interest,YoY Growth in year ended Mar 2022 is 25.28% vs -37.81% in Mar 2021,-1,P & L Analysis Highlights,500096,bad
220,Profit After Tax - YoY Growth in year ended Mar 2022 is 2.84% vs 17.13% in Mar 2021,Profit After Tax,YoY Growth in year ended Mar 2022 is 2.84% vs 17.13% in Mar 2021,-1,P & L Analysis Highlights,500096,bad
221,Net Sales - YoY Growth in year ended Mar 2022 is 47.79% vs 11.72% in Mar 2021,Net Sales,YoY Growth in year ended Mar 2022 is 47.79% vs 11.72% in Mar 2021,1,P & L Analysis Highlights,500440,good
222,Operating Profit (PBDIT) excl Other Income - YoY Growth in year ended Mar 2022 is 61.65% vs 22.58% in Mar 2021,Operating Profit (PBDIT) excl Other Income,YoY Growth in year ended Mar 2022 is 61.65% vs 22.58% in Mar 2021,1,P & L Analysis Highlights,500440,good
223,Interest - YoY Growth in year ended Mar 2022 is 0.80% vs -10.94% in Mar 2021,Interest,YoY Growth in year ended Mar 2022 is 0.80% vs -10.94% in Mar 2021,-1,P & L Analysis Highlights,500440,bad
224,Profit After Tax - YoY Growth in year ended Mar 2022 is 174.19% vs 37.58% in Mar 2021,Profit After Tax,YoY Growth in year ended Mar 2022 is 174.19% vs 37.58% in Mar 2021,1,P & L Analysis Highlights,500440,good
225,Net Sales - YoY Growth in year ended Mar 2022 is 28.56% vs 29.20% in Mar 2021,Net Sales,YoY Growth in year ended Mar 2022 is 28.56% vs 29.20% in Mar 2021,-1,P & L Analysis Highlights,532488,bad
226,Operating Profit (PBDIT) excl Other Income - YoY Growth in year ended Mar 2022 is 35.72% vs 56.93% in Mar 2021,Operating Profit (PBDIT) excl Other Income,YoY Growth in year ended Mar 2022 is 35.72% vs 56.93% in Mar 2021,-1,P & L Analysis Highlights,532488,bad
227,Interest - YoY Growth in year ended Mar 2022 is -4.76% vs -70.59% in Mar 2021,Interest,YoY Growth in year ended Mar 2022 is -4.76% vs -70.59% in Mar 2021,-1,P & L Analysis Highlights,532488,bad
228,Profit After Tax - YoY Growth in year ended Mar 2022 is 49.19% vs 44.15% in Mar 2021,Profit After Tax,YoY Growth in year ended Mar 2022 is 49.19% vs 44.15% in Mar 2021,1,P & L Analysis Highlights,532488,good
229,Net Sales - YoY Growth in year ended Mar 2022 is 77.12% vs -59.05% in Mar 2021,Net Sales,YoY Growth in year ended Mar 2022 is 77.12% vs -59.05% in Mar 2021,1,P & L Analysis Highlights,539448,good
230,"Operating Profit (PBDIT) excl Other Income - YoY Growth in year ended Mar 2022 is 3,936.84% vs -99.65% in Mar 2021",Operating Profit (PBDIT) excl Other Income,"YoY Growth in year ended Mar 2022 is 3,936.84% vs -99.65% in Mar 2021",1,P & L Analysis Highlights,539448,good
231,Interest - YoY Growth in year ended Mar 2022 is 9.96% vs 14.09% in Mar 2021,Interest,YoY Growth in year ended Mar 2022 is 9.96% vs 14.09% in Mar 2021,1,P & L Analysis Highlights,539448,good
232,"Profit After Tax - YoY Growth in year ended Mar 2022 is -6.12% vs -2,384.78% in Mar 2021",Profit After Tax,"YoY Growth in year ended Mar 2022 is -6.12% vs -2,384.78% in Mar 2021",-1,P & L Analysis Highlights,539448,bad
233,Net Sales - YoY Growth in year ended Mar 2022 is 79.16% vs -9.55% in Mar 2021,Net Sales,YoY Growth in year ended Mar 2022 is 79.16% vs -9.55% in Mar 2021,1,P & L Analysis Highlights,542066,good
234,Operating Profit (PBDIT) excl Other Income - YoY Growth in year ended Mar 2022 is 9.75% vs 18.42% in Mar 2021,Operating Profit (PBDIT) excl Other Income,YoY Growth in year ended Mar 2022 is 9.75% vs 18.42% in Mar 2021,-1,P & L Analysis Highlights,542066,bad
235,Interest - YoY Growth in year ended Mar 2022 is 30.26% vs -1.39% in Mar 2021,Interest,YoY Growth in year ended Mar 2022 is 30.26% vs -1.39% in Mar 2021,-1,P & L Analysis Highlights,542066,bad
236,Profit After Tax - YoY Growth in year ended Mar 2022 is 6.93% vs 8.19% in Mar 2021,Profit After Tax,YoY Growth in year ended Mar 2022 is 6.93% vs 8.19% in Mar 2021,-1,P & L Analysis Highlights,542066,bad
237,Net Sales - YoY Growth in year ended Mar 2022 is 11.38% vs 4.72% in Mar 2021,Net Sales,YoY Growth in year ended Mar 2022 is 11.38% vs 4.72% in Mar 2021,1,P & L Analysis Highlights,500387,good
238,Operating Profit (PBDIT) excl Other Income - YoY Growth in year ended Mar 2022 is -8.48% vs 7.78% in Mar 2021,Operating Profit (PBDIT) excl Other Income,YoY Growth in year ended Mar 2022 is -8.48% vs 7.78% in Mar 2021,-1,P & L Analysis Highlights,500387,bad
239,Interest - YoY Growth in year ended Mar 2022 is -14.00% vs -13.77% in Mar 2021,Interest,YoY Growth in year ended Mar 2022 is -14.00% vs -13.77% in Mar 2021,1,P & L Analysis Highlights,500387,good
240,Profit After Tax - YoY Growth in year ended Mar 2022 is 2.05% vs 48.28% in Mar 2021,Profit After Tax,YoY Growth in year ended Mar 2022 is 2.05% vs 48.28% in Mar 2021,-1,P & L Analysis Highlights,500387,bad
241,Net Sales - YoY Growth in year ended Mar 2022 is 5.86% vs 9.96% in Mar 2021,Net Sales,YoY Growth in year ended Mar 2022 is 5.86% vs 9.96% in Mar 2021,-1,P & L Analysis Highlights,511243,bad
242,Operating Profit (PBDIT) excl Other Income - YoY Growth in year ended Mar 2022 is 8.24% vs 5.96% in Mar 2021,Operating Profit (PBDIT) excl Other Income,YoY Growth in year ended Mar 2022 is 8.24% vs 5.96% in Mar 2021,1,P & L Analysis Highlights,511243,good
243,Interest - YoY Growth in year ended Mar 2022 is -6.07% vs -0.35% in Mar 2021,Interest,YoY Growth in year ended Mar 2022 is -6.07% vs -0.35% in Mar 2021,1,P & L Analysis Highlights,511243,good
244,Profit After Tax - YoY Growth in year ended Mar 2022 is 41.90% vs 44.33% in Mar 2021,Profit After Tax,YoY Growth in year ended Mar 2022 is 41.90% vs 44.33% in Mar 2021,-1,P & L Analysis Highlights,511243,bad
245,Net Sales - YoY Growth in year ended Mar 2022 is 14.85% vs 0.22% in Mar 2021,Net Sales,YoY Growth in year ended Mar 2022 is 14.85% vs 0.22% in Mar 2021,1,P & L Analysis Highlights,543066,good
246,Operating Profit (PBDIT) excl Other Income - YoY Growth in year ended Mar 2022 is 31.38% vs -22.01% in Mar 2021,Operating Profit (PBDIT) excl Other Income,YoY Growth in year ended Mar 2022 is 31.38% vs -22.01% in Mar 2021,1,P & L Analysis Highlights,543066,good
247,Interest - YoY Growth in year ended Mar 2022 is -1.54% vs -19.80% in Mar 2021,Interest,YoY Growth in year ended Mar 2022 is -1.54% vs -19.80% in Mar 2021,-1,P & L Analysis Highlights,543066,bad
248,Profit After Tax - YoY Growth in year ended Mar 2022 is 64.16% vs -20.91% in Mar 2021,Profit After Tax,YoY Growth in year ended Mar 2022 is 64.16% vs -20.91% in Mar 2021,1,P & L Analysis Highlights,543066,good
249,Net Sales - YoY Growth in year ended Dec 2021 is 18.15% vs -9.55% in Dec 2020,Net Sales,YoY Growth in year ended Dec 2021 is 18.15% vs -9.55% in Dec 2020,1,P & L Analysis Highlights,500425,good
250,Operating Profit (PBDIT) excl Other Income - YoY Growth in year ended Dec 2021 is 24.07% vs 8.89% in Dec 2020,Operating Profit (PBDIT) excl Other Income,YoY Growth in year ended Dec 2021 is 24.07% vs 8.89% in Dec 2020,1,P & L Analysis Highlights,500425,good
251,Interest - YoY Growth in year ended Dec 2021 is 3.88% vs -17.45% in Dec 2020,Interest,YoY Growth in year ended Dec 2021 is 3.88% vs -17.45% in Dec 2020,-1,P & L Analysis Highlights,500425,bad
252,Profit After Tax - YoY Growth in year ended Dec 2021 is 19.35% vs 11.91% in Dec 2020,Profit After Tax,YoY Growth in year ended Dec 2021 is 19.35% vs 11.91% in Dec 2020,1,P & L Analysis Highlights,500425,good
253,Net Sales - YoY Growth in year ended Dec 2022 is 23.56% vs 19.12% in Dec 2021,Net Sales,YoY Growth in year ended Dec 2022 is 23.56% vs 19.12% in Dec 2021,1,P & L Analysis Highlights,500002,good
254,Operating Profit (PBDIT) excl Other Income - YoY Growth in year ended Dec 2022 is 70.74% vs 102.45% in Dec 2021,Operating Profit (PBDIT) excl Other Income,YoY Growth in year ended Dec 2022 is 70.74% vs 102.45% in Dec 2021,-1,P & L Analysis Highlights,500002,bad
255,Interest - YoY Growth in year ended Dec 2022 is -17.60% vs -24.09% in Dec 2021,Interest,YoY Growth in year ended Dec 2022 is -17.60% vs -24.09% in Dec 2021,-1,P & L Analysis Highlights,500002,bad
256,Profit After Tax - YoY Growth in year ended Dec 2022 is 92.61% vs 131.08% in Dec 2021,Profit After Tax,YoY Growth in year ended Dec 2022 is 92.61% vs 131.08% in Dec 2021,-1,P & L Analysis Highlights,500002,bad
257,Net Sales - YoY Growth in year ended Mar 2022 is 33.29% vs 10.77% in Mar 2021,Net Sales,YoY Growth in year ended Mar 2022 is 33.29% vs 10.77% in Mar 2021,1,P & L Analysis Highlights,517354,good
258,Operating Profit (PBDIT) excl Other Income - YoY Growth in year ended Mar 2022 is 11.62% vs 49.88% in Mar 2021,Operating Profit (PBDIT) excl Other Income,YoY Growth in year ended Mar 2022 is 11.62% vs 49.88% in Mar 2021,-1,P & L Analysis Highlights,517354,bad
259,Interest - YoY Growth in year ended Mar 2022 is -25.72% vs 75.41% in Mar 2021,Interest,YoY Growth in year ended Mar 2022 is -25.72% vs 75.41% in Mar 2021,1,P & L Analysis Highlights,517354,good
260,Profit After Tax - YoY Growth in year ended Mar 2022 is 14.57% vs 41.97% in Mar 2021,Profit After Tax,YoY Growth in year ended Mar 2022 is 14.57% vs 41.97% in Mar 2021,-1,P & L Analysis Highlights,517354,bad
261,Net Sales - YoY Growth in year ended Mar 2022 is 8.93% vs 8.80% in Mar 2021,Net Sales,YoY Growth in year ended Mar 2022 is 8.93% vs 8.80% in Mar 2021,1,P & L Analysis Highlights,500049,good
262,Operating Profit (PBDIT) excl Other Income - YoY Growth in year ended Mar 2022 is 4.06% vs 16.50% in Mar 2021,Operating Profit (PBDIT) excl Other Income,YoY Growth in year ended Mar 2022 is 4.06% vs 16.50% in Mar 2021,-1,P & L Analysis Highlights,500049,bad
263,Interest - YoY Growth in year ended Mar 2022 is -11.03% vs 25.46% in Mar 2021,Interest,YoY Growth in year ended Mar 2022 is -11.03% vs 25.46% in Mar 2021,1,P & L Analysis Highlights,500049,good
264,Profit After Tax - YoY Growth in year ended Mar 2022 is 13.78% vs 15.44% in Mar 2021,Profit After Tax,YoY Growth in year ended Mar 2022 is 13.78% vs 15.44% in Mar 2021,-1,P & L Analysis Highlights,500049,bad
265,Net Sales - YoY Growth in year ended Mar 2022 is 50.67% vs -19.12% in Mar 2021,Net Sales,YoY Growth in year ended Mar 2022 is 50.67% vs -19.12% in Mar 2021,1,P & L Analysis Highlights,500547,good
266,Operating Profit (PBDIT) excl Other Income - YoY Growth in year ended Mar 2022 is -10.14% vs 138.45% in Mar 2021,Operating Profit (PBDIT) excl Other Income,YoY Growth in year ended Mar 2022 is -10.14% vs 138.45% in Mar 2021,-1,P & L Analysis Highlights,500547,bad
267,Interest - YoY Growth in year ended Mar 2022 is 51.19% vs -34.65% in Mar 2021,Interest,YoY Growth in year ended Mar 2022 is 51.19% vs -34.65% in Mar 2021,-1,P & L Analysis Highlights,500547,bad
268,Profit After Tax - YoY Growth in year ended Mar 2022 is -42.50% vs 679.01% in Mar 2021,Profit After Tax,YoY Growth in year ended Mar 2022 is -42.50% vs 679.01% in Mar 2021,-1,P & L Analysis Highlights,500547,bad
269,Net Sales - YoY Growth in year ended Mar 2022 is 7.66% vs 1.46% in Mar 2021,Net Sales,YoY Growth in year ended Mar 2022 is 7.66% vs 1.46% in Mar 2021,1,P & L Analysis Highlights,500490,good
270,Operating Profit (PBDIT) excl Other Income - YoY Growth in year ended Mar 2022 is 6.36% vs 13.18% in Mar 2021,Operating Profit (PBDIT) excl Other Income,YoY Growth in year ended Mar 2022 is 6.36% vs 13.18% in Mar 2021,-1,P & L Analysis Highlights,500490,bad
271,Interest - YoY Growth in year ended Mar 2022 is -17.11% vs -69.70% in Mar 2021,Interest,YoY Growth in year ended Mar 2022 is -17.11% vs -69.70% in Mar 2021,-1,P & L Analysis Highlights,500490,bad
272,Profit After Tax - YoY Growth in year ended Mar 2022 is 11.21% vs 831.90% in Mar 2021,Profit After Tax,YoY Growth in year ended Mar 2022 is 11.21% vs 831.90% in Mar 2021,-1,P & L Analysis Highlights,500490,bad
273,Net Sales - YoY Growth in year ended Mar 2022 is 13.59% vs 11.84% in Mar 2021,Net Sales,YoY Growth in year ended Mar 2022 is 13.59% vs 11.84% in Mar 2021,1,P & L Analysis Highlights,500087,good
274,Operating Profit (PBDIT) excl Other Income - YoY Growth in year ended Mar 2022 is 7.06% vs 32.64% in Mar 2021,Operating Profit (PBDIT) excl Other Income,YoY Growth in year ended Mar 2022 is 7.06% vs 32.64% in Mar 2021,-1,P & L Analysis Highlights,500087,bad
275,Interest - YoY Growth in year ended Mar 2022 is -33.82% vs -18.58% in Mar 2021,Interest,YoY Growth in year ended Mar 2022 is -33.82% vs -18.58% in Mar 2021,1,P & L Analysis Highlights,500087,good
276,Profit After Tax - YoY Growth in year ended Mar 2022 is 6.59% vs 55.23% in Mar 2021,Profit After Tax,YoY Growth in year ended Mar 2022 is 6.59% vs 55.23% in Mar 2021,-1,P & L Analysis Highlights,500087,bad
277,Net Sales - YoY Growth in year ended Mar 2022 is 13.11% vs 8.74% in Mar 2021,Net Sales,YoY Growth in year ended Mar 2022 is 13.11% vs 8.74% in Mar 2021,1,P & L Analysis Highlights,500124,good
278,Operating Profit (PBDIT) excl Other Income - YoY Growth in year ended Mar 2022 is -2.64% vs 56.65% in Mar 2021,Operating Profit (PBDIT) excl Other Income,YoY Growth in year ended Mar 2022 is -2.64% vs 56.65% in Mar 2021,-1,P & L Analysis Highlights,500124,bad
279,Interest - YoY Growth in year ended Mar 2022 is -1.24% vs -1.32% in Mar 2021,Interest,YoY Growth in year ended Mar 2022 is -1.24% vs -1.32% in Mar 2021,-1,P & L Analysis Highlights,500124,bad
280,Profit After Tax - YoY Growth in year ended Mar 2022 is 10.96% vs -3.37% in Mar 2021,Profit After Tax,YoY Growth in year ended Mar 2022 is 10.96% vs -3.37% in Mar 2021,1,P & L Analysis Highlights,500124,good
281,Net Sales - YoY Growth in year ended Mar 2022 is 48.02% vs 16.51% in Mar 2021,Net Sales,YoY Growth in year ended Mar 2022 is 48.02% vs 16.51% in Mar 2021,1,P & L Analysis Highlights,503806,good
282,Operating Profit (PBDIT) excl Other Income - YoY Growth in year ended Mar 2022 is 45.46% vs 46.63% in Mar 2021,Operating Profit (PBDIT) excl Other Income,YoY Growth in year ended Mar 2022 is 45.46% vs 46.63% in Mar 2021,-1,P & L Analysis Highlights,503806,bad
283,Interest - YoY Growth in year ended Mar 2022 is -13.45% vs -33.25% in Mar 2021,Interest,YoY Growth in year ended Mar 2022 is -13.45% vs -33.25% in Mar 2021,-1,P & L Analysis Highlights,503806,bad
284,Profit After Tax - YoY Growth in year ended Mar 2022 is 57.64% vs 30.83% in Mar 2021,Profit After Tax,YoY Growth in year ended Mar 2022 is 57.64% vs 30.83% in Mar 2021,1,P & L Analysis Highlights,503806,good
285,Net Sales - YoY Growth in year ended Mar 2023 is 10.93% vs 7.10% in Mar 2022,Net Sales,YoY Growth in year ended Mar 2023 is 10.93% vs 7.10% in Mar 2022,1,P & L Analysis Highlights,500800,good
286,Operating Profit (PBDIT) excl Other Income - YoY Growth in year ended Mar 2023 is 8.01% vs 11.34% in Mar 2022,Operating Profit (PBDIT) excl Other Income,YoY Growth in year ended Mar 2023 is 8.01% vs 11.34% in Mar 2022,-1,P & L Analysis Highlights,500800,bad
287,Interest - YoY Growth in year ended Mar 2023 is 19.76% vs 5.95% in Mar 2022,Interest,YoY Growth in year ended Mar 2023 is 19.76% vs 5.95% in Mar 2022,-1,P & L Analysis Highlights,500800,bad
288,Profit After Tax - YoY Growth in year ended Mar 2023 is 24.80% vs 8.57% in Mar 2022,Profit After Tax,YoY Growth in year ended Mar 2023 is 24.80% vs 8.57% in Mar 2022,1,P & L Analysis Highlights,500800,good
289,Net Sales - YoY Growth in year ended Mar 2022 is 61.70% vs -20.89% in Mar 2021,Net Sales,YoY Growth in year ended Mar 2022 is 61.70% vs -20.89% in Mar 2021,1,P & L Analysis Highlights,532155,good
290,Operating Profit (PBDIT) excl Other Income - YoY Growth in year ended Mar 2022 is 109.17% vs -19.82% in Mar 2021,Operating Profit (PBDIT) excl Other Income,YoY Growth in year ended Mar 2022 is 109.17% vs -19.82% in Mar 2021,1,P & L Analysis Highlights,532155,good
291,Interest - YoY Growth in year ended Mar 2022 is 12.95% vs -41.97% in Mar 2021,Interest,YoY Growth in year ended Mar 2022 is 12.95% vs -41.97% in Mar 2021,-1,P & L Analysis Highlights,532155,bad
292,Profit After Tax - YoY Growth in year ended Mar 2022 is 138.05% vs -39.07% in Mar 2021,Profit After Tax,YoY Growth in year ended Mar 2022 is 138.05% vs -39.07% in Mar 2021,1,P & L Analysis Highlights,532155,good
293,Net Sales - YoY Growth in year ended Mar 2022 is 18.19% vs 10.02% in Mar 2021,Net Sales,YoY Growth in year ended Mar 2022 is 18.19% vs 10.02% in Mar 2021,1,P & L Analysis Highlights,531642,good
294,Operating Profit (PBDIT) excl Other Income - YoY Growth in year ended Mar 2022 is 5.66% vs 8.30% in Mar 2021,Operating Profit (PBDIT) excl Other Income,YoY Growth in year ended Mar 2022 is 5.66% vs 8.30% in Mar 2021,-1,P & L Analysis Highlights,531642,bad
295,Interest - YoY Growth in year ended Mar 2022 is 14.71% vs -32.00% in Mar 2021,Interest,YoY Growth in year ended Mar 2022 is 14.71% vs -32.00% in Mar 2021,-1,P & L Analysis Highlights,531642,bad
296,Profit After Tax - YoY Growth in year ended Mar 2022 is 4.50% vs 15.15% in Mar 2021,Profit After Tax,YoY Growth in year ended Mar 2022 is 4.50% vs 15.15% in Mar 2021,-1,P & L Analysis Highlights,531642,bad
297,Net Sales - YoY Growth in year ended Mar 2022 is 30.92% vs 12.24% in Mar 2021,Net Sales,YoY Growth in year ended Mar 2022 is 30.92% vs 12.24% in Mar 2021,1,P & L Analysis Highlights,500400,good
298,Operating Profit (PBDIT) excl Other Income - YoY Growth in year ended Mar 2022 is 7.26% vs -11.84% in Mar 2021,Operating Profit (PBDIT) excl Other Income,YoY Growth in year ended Mar 2022 is 7.26% vs -11.84% in Mar 2021,1,P & L Analysis Highlights,500400,good
299,Interest - YoY Growth in year ended Mar 2022 is -3.77% vs -10.76% in Mar 2021,Interest,YoY Growth in year ended Mar 2022 is -3.77% vs -10.76% in Mar 2021,-1,P & L Analysis Highlights,500400,bad
300,Profit After Tax - YoY Growth in year ended Mar 2022 is 11.31% vs -64.59% in Mar 2021,Profit After Tax,YoY Growth in year ended Mar 2022 is 11.31% vs -64.59% in Mar 2021,1,P & L Analysis Highlights,500400,good
301,Net Sales - YoY Growth in year ended Mar 2022 is 38.85% vs -6.11% in Mar 2021,Net Sales,YoY Growth in year ended Mar 2022 is 38.85% vs -6.11% in Mar 2021,1,P & L Analysis Highlights,508869,good
302,Operating Profit (PBDIT) excl Other Income - YoY Growth in year ended Mar 2022 is 92.11% vs -28.34% in Mar 2021,Operating Profit (PBDIT) excl Other Income,YoY Growth in year ended Mar 2022 is 92.11% vs -28.34% in Mar 2021,1,P & L Analysis Highlights,508869,good
303,Interest - YoY Growth in year ended Mar 2022 is -15.72% vs -15.69% in Mar 2021,Interest,YoY Growth in year ended Mar 2022 is -15.72% vs -15.69% in Mar 2021,1,P & L Analysis Highlights,508869,good
304,Profit After Tax - YoY Growth in year ended Mar 2022 is 709.63% vs -68.72% in Mar 2021,Profit After Tax,YoY Growth in year ended Mar 2022 is 709.63% vs -68.72% in Mar 2021,1,P & L Analysis Highlights,508869,good
305,Net Sales - YoY Growth in year ended Mar 2022 is -24.40% vs 283.23% in Mar 2021,Net Sales,YoY Growth in year ended Mar 2022 is -24.40% vs 283.23% in Mar 2021,-1,P & L Analysis Highlights,540133,bad
306,Operating Profit (PBDIT) excl Other Income - YoY Growth in year ended Mar 2022 is -90.09% vs -35.49% in Mar 2021,Operating Profit (PBDIT) excl Other Income,YoY Growth in year ended Mar 2022 is -90.09% vs -35.49% in Mar 2021,-1,P & L Analysis Highlights,540133,bad
307,Interest - YoY Growth in year ended Mar 2022 is 38.55% vs 21.22% in Mar 2021,Interest,YoY Growth in year ended Mar 2022 is 38.55% vs 21.22% in Mar 2021,-1,P & L Analysis Highlights,540133,bad
308,Profit After Tax - YoY Growth in year ended Mar 2022 is -20.60% vs -10.39% in Mar 2021,Profit After Tax,YoY Growth in year ended Mar 2022 is -20.60% vs -10.39% in Mar 2021,-1,P & L Analysis Highlights,540133,bad
309,Net Sales - YoY Growth in year ended Mar 2022 is 28.52% vs 7.10% in Mar 2021,Net Sales,YoY Growth in year ended Mar 2022 is 28.52% vs 7.10% in Mar 2021,1,P & L Analysis Highlights,509480,good
310,Operating Profit (PBDIT) excl Other Income - YoY Growth in year ended Mar 2022 is 12.04% vs 11.97% in Mar 2021,Operating Profit (PBDIT) excl Other Income,YoY Growth in year ended Mar 2022 is 12.04% vs 11.97% in Mar 2021,1,P & L Analysis Highlights,509480,good
311,Interest - YoY Growth in year ended Mar 2022 is 15.01% vs -6.25% in Mar 2021,Interest,YoY Growth in year ended Mar 2022 is 15.01% vs -6.25% in Mar 2021,-1,P & L Analysis Highlights,509480,bad
312,Profit After Tax - YoY Growth in year ended Mar 2022 is 14.31% vs 9.17% in Mar 2021,Profit After Tax,YoY Growth in year ended Mar 2022 is 14.31% vs 9.17% in Mar 2021,1,P & L Analysis Highlights,509480,good
313,Net Sales - YoY Growth in year ended Mar 2022 is 19.44% vs -12.80% in Mar 2021,Net Sales,YoY Growth in year ended Mar 2022 is 19.44% vs -12.80% in Mar 2021,1,P & L Analysis Highlights,532432,good
314,Operating Profit (PBDIT) excl Other Income - YoY Growth in year ended Mar 2022 is 52.76% vs -33.05% in Mar 2021,Operating Profit (PBDIT) excl Other Income,YoY Growth in year ended Mar 2022 is 52.76% vs -33.05% in Mar 2021,1,P & L Analysis Highlights,532432,good
315,Interest - YoY Growth in year ended Mar 2022 is -53.09% vs -11.51% in Mar 2021,Interest,YoY Growth in year ended Mar 2022 is -53.09% vs -11.51% in Mar 2021,1,P & L Analysis Highlights,532432,good
316,Profit After Tax - YoY Growth in year ended Mar 2022 is 123.06% vs -41.75% in Mar 2021,Profit After Tax,YoY Growth in year ended Mar 2022 is 123.06% vs -41.75% in Mar 2021,1,P & L Analysis Highlights,532432,good
317,Net Sales - YoY Growth in year ended Mar 2022 is 25.41% vs 3.03% in Mar 2021,Net Sales,YoY Growth in year ended Mar 2022 is 25.41% vs 3.03% in Mar 2021,1,P & L Analysis Highlights,532343,good
318,Operating Profit (PBDIT) excl Other Income - YoY Growth in year ended Mar 2022 is 23.09% vs -1.55% in Mar 2021,Operating Profit (PBDIT) excl Other Income,YoY Growth in year ended Mar 2022 is 23.09% vs -1.55% in Mar 2021,1,P & L Analysis Highlights,532343,good
319,Interest - YoY Growth in year ended Mar 2022 is 6.66% vs 3.15% in Mar 2021,Interest,YoY Growth in year ended Mar 2022 is 6.66% vs 3.15% in Mar 2021,-1,P & L Analysis Highlights,532343,bad
320,Profit After Tax - YoY Growth in year ended Mar 2022 is 18.39% vs -6.12% in Mar 2021,Profit After Tax,YoY Growth in year ended Mar 2022 is 18.39% vs -6.12% in Mar 2021,1,P & L Analysis Highlights,532343,good
321,Net Sales - YoY Growth in year ended Mar 2022 is 46.17% vs 25.06% in Mar 2021,Net Sales,YoY Growth in year ended Mar 2022 is 46.17% vs 25.06% in Mar 2021,1,P & L Analysis Highlights,543458,good
322,Operating Profit (PBDIT) excl Other Income - YoY Growth in year ended Mar 2022 is 31.01% vs 1.21% in Mar 2021,Operating Profit (PBDIT) excl Other Income,YoY Growth in year ended Mar 2022 is 31.01% vs 1.21% in Mar 2021,1,P & L Analysis Highlights,543458,good
323,Interest - YoY Growth in year ended Mar 2022 is 33.00% vs -28.56% in Mar 2021,Interest,YoY Growth in year ended Mar 2022 is 33.00% vs -28.56% in Mar 2021,-1,P & L Analysis Highlights,543458,bad
324,Profit After Tax - YoY Growth in year ended Mar 2022 is 18.77% vs 61.76% in Mar 2021,Profit After Tax,YoY Growth in year ended Mar 2022 is 18.77% vs 61.76% in Mar 2021,-1,P & L Analysis Highlights,543458,bad
325,Interest Earned - YoY Growth in year ended Mar 2022 is -8.24% vs -4.26% in Mar 2021,Interest Earned,YoY Growth in year ended Mar 2022 is -8.24% vs -4.26% in Mar 2021,-1,P & L Analysis Highlights,500116,bad
326,Operating Profit (PBDIT) - YoY Growth in year ended Mar 2022 is 34.51% vs 74.85% in Mar 2021,Operating Profit (PBDIT),YoY Growth in year ended Mar 2022 is 34.51% vs 74.85% in Mar 2021,-1,P & L Analysis Highlights,500116,bad
327,Profit After Tax - YoY Growth in year ended Mar 2022 is 79.43% vs 110.55% in Mar 2021,Profit After Tax,YoY Growth in year ended Mar 2022 is 79.43% vs 110.55% in Mar 2021,-1,P & L Analysis Highlights,500116,bad
328,Net Sales - YoY Growth in year ended Mar 2022 is 6.29% vs 0.83% in Mar 2021,Net Sales,YoY Growth in year ended Mar 2022 is 6.29% vs 0.83% in Mar 2021,1,P & L Analysis Highlights,500420,good
329,Operating Profit (PBDIT) excl Other Income - YoY Growth in year ended Mar 2022 is -2.19% vs 14.53% in Mar 2021,Operating Profit (PBDIT) excl Other Income,YoY Growth in year ended Mar 2022 is -2.19% vs 14.53% in Mar 2021,-1,P & L Analysis Highlights,500420,bad
330,Interest - YoY Growth in year ended Mar 2022 is -28.81% vs -20.51% in Mar 2021,Interest,YoY Growth in year ended Mar 2022 is -28.81% vs -20.51% in Mar 2021,1,P & L Analysis Highlights,500420,good
331,Profit After Tax - YoY Growth in year ended Mar 2022 is -37.92% vs 22.17% in Mar 2021,Profit After Tax,YoY Growth in year ended Mar 2022 is -37.92% vs 22.17% in Mar 2021,-1,P & L Analysis Highlights,500420,bad
332,Net Sales - YoY Growth in year ended Mar 2022 is 87.63% vs -42.00% in Mar 2021,Net Sales,YoY Growth in year ended Mar 2022 is 87.63% vs -42.00% in Mar 2021,1,P & L Analysis Highlights,500093,good
333,Operating Profit (PBDIT) excl Other Income - YoY Growth in year ended Mar 2022 is 476.63% vs 206.88% in Mar 2021,Operating Profit (PBDIT) excl Other Income,YoY Growth in year ended Mar 2022 is 476.63% vs 206.88% in Mar 2021,1,P & L Analysis Highlights,500093,good
334,Interest - YoY Growth in year ended Mar 2022 is -60.33% vs -43.73% in Mar 2021,Interest,YoY Growth in year ended Mar 2022 is -60.33% vs -43.73% in Mar 2021,1,P & L Analysis Highlights,500093,good
335,Profit After Tax - YoY Growth in year ended Mar 2022 is -28.61% vs 196.63% in Mar 2021,Profit After Tax,YoY Growth in year ended Mar 2022 is -28.61% vs 196.63% in Mar 2021,-1,P & L Analysis Highlights,500093,bad
336,Net Sales - YoY Growth in year ended Mar 2022 is 21.26% vs -1.27% in Mar 2021,Net Sales,YoY Growth in year ended Mar 2022 is 21.26% vs -1.27% in Mar 2021,1,P & L Analysis Highlights,500530,good
337,Operating Profit (PBDIT) excl Other Income - YoY Growth in year ended Mar 2022 is 25.53% vs -21.76% in Mar 2021,Operating Profit (PBDIT) excl Other Income,YoY Growth in year ended Mar 2022 is 25.53% vs -21.76% in Mar 2021,1,P & L Analysis Highlights,500530,good
338,Interest - YoY Growth in year ended Mar 2022 is 106.43% vs 37.25% in Mar 2021,Interest,YoY Growth in year ended Mar 2022 is 106.43% vs 37.25% in Mar 2021,-1,P & L Analysis Highlights,500530,bad
339,Profit After Tax - YoY Growth in year ended Mar 2022 is 153.17% vs -17.80% in Mar 2021,Profit After Tax,YoY Growth in year ended Mar 2022 is 153.17% vs -17.80% in Mar 2021,1,P & L Analysis Highlights,500530,good
340,Net Sales - YoY Growth in year ended Mar 2022 is 110.27% vs -23.46% in Mar 2021,Net Sales,YoY Growth in year ended Mar 2022 is 110.27% vs -23.46% in Mar 2021,1,P & L Analysis Highlights,543320,good
341,Operating Profit (PBDIT) excl Other Income - YoY Growth in year ended Mar 2022 is -296.17% vs 79.73% in Mar 2021,Operating Profit (PBDIT) excl Other Income,YoY Growth in year ended Mar 2022 is -296.17% vs 79.73% in Mar 2021,-1,P & L Analysis Highlights,543320,bad
342,Interest - YoY Growth in year ended Mar 2022 is 19.05% vs -20.25% in Mar 2021,Interest,YoY Growth in year ended Mar 2022 is 19.05% vs -20.25% in Mar 2021,-1,P & L Analysis Highlights,543320,bad
343,Profit After Tax - YoY Growth in year ended Mar 2022 is -49.77% vs 65.78% in Mar 2021,Profit After Tax,YoY Growth in year ended Mar 2022 is -49.77% vs 65.78% in Mar 2021,-1,P & L Analysis Highlights,543320,bad
344,Net Sales - YoY Growth in year ended Mar 2022 is 10.75% vs -5.53% in Mar 2021,Net Sales,YoY Growth in year ended Mar 2022 is 10.75% vs -5.53% in Mar 2021,1,P & L Analysis Highlights,517334,good
345,Operating Profit (PBDIT) excl Other Income - YoY Growth in year ended Mar 2022 is 2.35% vs -6.34% in Mar 2021,Operating Profit (PBDIT) excl Other Income,YoY Growth in year ended Mar 2022 is 2.35% vs -6.34% in Mar 2021,1,P & L Analysis Highlights,517334,good
346,Interest - YoY Growth in year ended Mar 2022 is 6.08% vs -13.71% in Mar 2021,Interest,YoY Growth in year ended Mar 2022 is 6.08% vs -13.71% in Mar 2021,-1,P & L Analysis Highlights,517334,bad
347,Profit After Tax - YoY Growth in year ended Mar 2022 is -30.79% vs 32.06% in Mar 2021,Profit After Tax,YoY Growth in year ended Mar 2022 is -30.79% vs 32.06% in Mar 2021,-1,P & L Analysis Highlights,517334,bad
348,Interest Earned - YoY Growth in year ended Mar 2022 is -7.35% vs 50.22% in Mar 2021,Interest Earned,YoY Growth in year ended Mar 2022 is -7.35% vs 50.22% in Mar 2021,-1,P & L Analysis Highlights,532461,bad
349,Operating Profit (PBDIT) - YoY Growth in year ended Mar 2022 is -6.31% vs 50.35% in Mar 2021,Operating Profit (PBDIT),YoY Growth in year ended Mar 2022 is -6.31% vs 50.35% in Mar 2021,-1,P & L Analysis Highlights,532461,bad
350,Profit After Tax - YoY Growth in year ended Mar 2022 is 71.00% vs 501.33% in Mar 2021,Profit After Tax,YoY Growth in year ended Mar 2022 is 71.00% vs 501.33% in Mar 2021,-1,P & L Analysis Highlights,532461,bad
351,Net Sales - YoY Growth in year ended Mar 2022 is -4.55% vs 5.83% in Mar 2021,Net Sales,YoY Growth in year ended Mar 2022 is -4.55% vs 5.83% in Mar 2021,-1,P & L Analysis Highlights,500182,bad
352,Operating Profit (PBDIT) excl Other Income - YoY Growth in year ended Mar 2022 is -15.97% vs 0.95% in Mar 2021,Operating Profit (PBDIT) excl Other Income,YoY Growth in year ended Mar 2022 is -15.97% vs 0.95% in Mar 2021,-1,P & L Analysis Highlights,500182,bad
353,Interest - YoY Growth in year ended Mar 2022 is 14.41% vs -0.49% in Mar 2021,Interest,YoY Growth in year ended Mar 2022 is 14.41% vs -0.49% in Mar 2021,-1,P & L Analysis Highlights,500182,bad
354,Profit After Tax - YoY Growth in year ended Mar 2022 is -15.24% vs -17.72% in Mar 2021,Profit After Tax,YoY Growth in year ended Mar 2022 is -15.24% vs -17.72% in Mar 2021,1,P & L Analysis Highlights,500182,good
355,Interest Earned - YoY Growth in year ended Mar 2022 is 0.19% vs 41.58% in Mar 2021,Interest Earned,YoY Growth in year ended Mar 2022 is 0.19% vs 41.58% in Mar 2021,-1,P & L Analysis Highlights,532483,bad
356,Operating Profit (PBDIT) - YoY Growth in year ended Mar 2022 is 17.27% vs 110.36% in Mar 2021,Operating Profit (PBDIT),YoY Growth in year ended Mar 2022 is 17.27% vs 110.36% in Mar 2021,-1,P & L Analysis Highlights,532483,bad
357,Profit After Tax - YoY Growth in year ended Mar 2022 is 122.02% vs 214.40% in Mar 2021,Profit After Tax,YoY Growth in year ended Mar 2022 is 122.02% vs 214.40% in Mar 2021,-1,P & L Analysis Highlights,532483,bad
358,Net Sales - YoY Growth in year ended Mar 2022 is 56.76% vs 136.82% in Mar 2021,Net Sales,YoY Growth in year ended Mar 2022 is 56.76% vs 136.82% in Mar 2021,-1,P & L Analysis Highlights,543220,bad
359,Operating Profit (PBDIT) excl Other Income - YoY Growth in year ended Mar 2022 is 131.50% vs 335.09% in Mar 2021,Operating Profit (PBDIT) excl Other Income,YoY Growth in year ended Mar 2022 is 131.50% vs 335.09% in Mar 2021,-1,P & L Analysis Highlights,543220,bad
360,Interest - YoY Growth in year ended Mar 2022 is -43.79% vs 115.59% in Mar 2021,Interest,YoY Growth in year ended Mar 2022 is -43.79% vs 115.59% in Mar 2021,1,P & L Analysis Highlights,543220,good
361,Profit After Tax - YoY Growth in year ended Mar 2022 is 628.43% vs -986.91% in Mar 2021,Profit After Tax,YoY Growth in year ended Mar 2022 is 628.43% vs -986.91% in Mar 2021,1,P & L Analysis Highlights,543220,good
362,Net Sales - YoY Growth in year ended Mar 2022 is 94.03% vs -64.71% in Mar 2021,Net Sales,YoY Growth in year ended Mar 2022 is 94.03% vs -64.71% in Mar 2021,1,P & L Analysis Highlights,500850,good
363,Operating Profit (PBDIT) excl Other Income - YoY Growth in year ended Mar 2022 is 211.88% vs -137.39% in Mar 2021,Operating Profit (PBDIT) excl Other Income,YoY Growth in year ended Mar 2022 is 211.88% vs -137.39% in Mar 2021,1,P & L Analysis Highlights,500850,good
364,Interest - YoY Growth in year ended Mar 2022 is 6.17% vs 18.09% in Mar 2021,Interest,YoY Growth in year ended Mar 2022 is 6.17% vs 18.09% in Mar 2021,1,P & L Analysis Highlights,500850,good
365,Profit After Tax - YoY Growth in year ended Mar 2022 is 67.96% vs -297.91% in Mar 2021,Profit After Tax,YoY Growth in year ended Mar 2022 is 67.96% vs -297.91% in Mar 2021,1,P & L Analysis Highlights,500850,good
366,Net Sales - YoY Growth in year ended Mar 2023 is 83.24% vs 73.47% in Mar 2022,Net Sales,YoY Growth in year ended Mar 2023 is 83.24% vs 73.47% in Mar 2022,1,P & L Analysis Highlights,500251,good
367,Operating Profit (PBDIT) excl Other Income - YoY Growth in year ended Mar 2023 is 87.45% vs 222.74% in Mar 2022,Operating Profit (PBDIT) excl Other Income,YoY Growth in year ended Mar 2023 is 87.45% vs 222.74% in Mar 2022,-1,P & L Analysis Highlights,500251,bad
368,Interest - YoY Growth in year ended Mar 2023 is 25.91% vs 24.56% in Mar 2022,Interest,YoY Growth in year ended Mar 2023 is 25.91% vs 24.56% in Mar 2022,-1,P & L Analysis Highlights,500251,bad
369,Profit After Tax - YoY Growth in year ended Mar 2023 is 953.02% vs 126.84% in Mar 2022,Profit After Tax,YoY Growth in year ended Mar 2023 is 953.02% vs 126.84% in Mar 2022,1,P & L Analysis Highlights,500251,good
370,Net Sales - YoY Growth in year ended Mar 2022 is 32.63% vs 10.03% in Mar 2021,Net Sales,YoY Growth in year ended Mar 2022 is 32.63% vs 10.03% in Mar 2021,1,P & L Analysis Highlights,540716,good
371,Operating Profit (PBDIT) excl Other Income - YoY Growth in year ended Mar 2022 is -23.70% vs 2.53% in Mar 2021,Operating Profit (PBDIT) excl Other Income,YoY Growth in year ended Mar 2022 is -23.70% vs 2.53% in Mar 2021,-1,P & L Analysis Highlights,540716,bad
372,Interest - YoY Growth in year ended Mar 2022 is 10.22% vs 4.04% in Mar 2021,Interest,YoY Growth in year ended Mar 2022 is 10.22% vs 4.04% in Mar 2021,-1,P & L Analysis Highlights,540716,bad
373,Profit After Tax - YoY Growth in year ended Mar 2022 is -13.72% vs 23.40% in Mar 2021,Profit After Tax,YoY Growth in year ended Mar 2022 is -13.72% vs 23.40% in Mar 2021,-1,P & L Analysis Highlights,540716,bad
374,Net Sales - YoY Growth in year ended Mar 2022 is 19.50% vs 8.22% in Mar 2021,Net Sales,YoY Growth in year ended Mar 2022 is 19.50% vs 8.22% in Mar 2021,1,P & L Analysis Highlights,512070,good
375,Operating Profit (PBDIT) excl Other Income - YoY Growth in year ended Mar 2022 is 14.09% vs 23.33% in Mar 2021,Operating Profit (PBDIT) excl Other Income,YoY Growth in year ended Mar 2022 is 14.09% vs 23.33% in Mar 2021,-1,P & L Analysis Highlights,512070,bad
376,Interest - YoY Growth in year ended Mar 2022 is 11.41% vs 39.10% in Mar 2021,Interest,YoY Growth in year ended Mar 2022 is 11.41% vs 39.10% in Mar 2021,1,P & L Analysis Highlights,512070,good
377,Profit After Tax - YoY Growth in year ended Mar 2022 is 24.62% vs 58.76% in Mar 2021,Profit After Tax,YoY Growth in year ended Mar 2022 is 24.62% vs 58.76% in Mar 2021,-1,P & L Analysis Highlights,512070,bad
378,Net Sales - YoY Growth in year ended Mar 2022 is 31.10% vs 5.44% in Mar 2021,Net Sales,YoY Growth in year ended Mar 2022 is 31.10% vs 5.44% in Mar 2021,1,P & L Analysis Highlights,532286,good
379,Operating Profit (PBDIT) excl Other Income - YoY Growth in year ended Mar 2022 is 7.40% vs 83.91% in Mar 2021,Operating Profit (PBDIT) excl Other Income,YoY Growth in year ended Mar 2022 is 7.40% vs 83.91% in Mar 2021,-1,P & L Analysis Highlights,532286,bad
380,Interest - YoY Growth in year ended Mar 2022 is -38.97% vs -25.45% in Mar 2021,Interest,YoY Growth in year ended Mar 2022 is -38.97% vs -25.45% in Mar 2021,1,P & L Analysis Highlights,532286,good
381,"Profit After Tax - YoY Growth in year ended Mar 2022 is 49.24% vs 1,482.77% in Mar 2021",Profit After Tax,"YoY Growth in year ended Mar 2022 is 49.24% vs 1,482.77% in Mar 2021",1,P & L Analysis Highlights,532286,good
