CompanyName,Industry,Quarter,Sales,Net_Profit,Borrowings,Total_Assets,Debt_Ratio,Profit_Margin,Financial_Health_Score,Health_Category,Risk_Level,AI_Recommendation,PE,PB,RONW
RELIANCE INDUSTRIES LTD.,"Oil, Gas & Consumable Fuels",2020-03-01,136492.0,6546,355133.0,1163015.0,0.3053554769285005,4.795885473141283,1.5082375748065353,Weak,Medium Risk,Low profitability observed. Improve operational efficiency and revenue growth.,38.37,0.0,204.27
RELIANCE INDUSTRIES LTD.,"Oil, Gas & Consumable Fuels",2021-03-01,149575.0,14995,278962.0,1320065.0,0.21132444235700515,10.025071034598028,3.1269982300765444,Weak,Low Risk,Weak operational cash flow detected. Improve liquidity management.,38.37,0.0,204.27
RELIANCE INDUSTRIES LTD.,"Oil, Gas & Consumable Fuels",2022-03-01,207375.0,18021,319158.0,1498622.0,0.2129676462777138,8.690054249547922,2.733876283592395,Weak,Low Risk,Weak operational cash flow detected. Improve liquidity management.,38.37,0.0,204.27
RELIANCE INDUSTRIES LTD.,"Oil, Gas & Consumable Fuels",2023-03-01,212945.0,21327,335134.0,1713506.0,0.19558379136110407,10.015262156894973,3.1214709719275824,Weak,Low Risk,Weak operational cash flow detected. Improve liquidity management.,38.37,0.0,204.27
TATA CONSULTANCY SERVICES LTD.,Information Technology,2020-03-01,39946.0,8093,8174.0,120120.0,0.06804861804861805,20.25985079857808,6.32740828652647,Moderate,Low Risk,Moderate financial stability observed with balanced financial performance.,31.15,0.0,2677.6
TATA CONSULTANCY SERVICES LTD.,Information Technology,2021-03-01,43705.0,9282,7795.0,129992.0,0.05996522862945412,21.23784464020135,6.6176785505316955,Moderate,Low Risk,Moderate financial stability observed with balanced financial performance.,31.15,0.0,2677.6
TATA CONSULTANCY SERVICES LTD.,Information Technology,2022-03-01,50591.0,9959,7818.0,140924.0,0.05547671085123897,19.68531952323536,6.140176907749752,Moderate,Low Risk,Moderate financial stability observed with balanced financial performance.,31.15,0.0,2677.6
TATA CONSULTANCY SERVICES LTD.,Information Technology,2023-03-01,59162.0,11436,7688.0,142859.0,0.053815300401094786,19.329975321997228,6.036099114214439,Moderate,Low Risk,Moderate financial stability observed with balanced financial performance.,31.15,0.0,2677.6
HDFC Bank Ltd,Financial Services,2020-03-01,6947.0,7297,1333041.0,1580830.0,0.8432538603138857,105.0381459622859,31.37402294014418,Excellent,High Risk,High debt dependency detected. Reduce borrowing exposure and improve cash reserves.,20.44,0.0,2159.16
HDFC Bank Ltd,Financial Services,2021-03-01,6947.0,8444,1511418.0,1799507.0,0.8399067077816313,121.54887001583417,36.336286566640254,Excellent,High Risk,High debt dependency detected. Reduce borrowing exposure and improve cash reserves.,20.44,0.0,2159.16
HDFC Bank Ltd,Financial Services,2022-03-01,6947.0,10475,1784970.0,2122934.0,0.8408033410365089,150.78451129984165,45.100938283312345,Excellent,High Risk,High debt dependency detected. Reduce borrowing exposure and improve cash reserves.,20.44,0.0,2159.16
HDFC Bank Ltd,Financial Services,2023-03-01,6947.0,12634,3503.0,43102.5,0.08127138797053535,181.86267453577082,54.73143967875224,Excellent,Low Risk,Strong financial condition with stable profitability and reserves.,20.44,0.0,2159.16
ICICI BANK LTD.,Financial Services,2020-03-01,6947.0,1613,1014636.0,1377292.0,0.7366890971558682,23.218655534763208,6.856313589010555,Moderate,High Risk,High debt dependency detected. Reduce borrowing exposure and improve cash reserves.,20.81,3.02,4.63
ICICI BANK LTD.,Financial Services,2021-03-01,6947.0,5331,1103840.0,1573812.0,0.7013798344402,76.73816035698863,22.928486686037402,Good,High Risk,High debt dependency detected. Reduce borrowing exposure and improve cash reserves.,20.81,3.02,4.63
ICICI BANK LTD.,Financial Services,2022-03-01,6947.0,8089,1252968.0,1752637.0,0.7149044554006334,116.43875053980135,34.8261997372803,Excellent,High Risk,High debt dependency detected. Reduce borrowing exposure and improve cash reserves.,20.81,3.02,4.63
ICICI BANK LTD.,Financial Services,2023-03-01,6947.0,10236,3503.0,43102.5,0.08127138797053535,147.34417734273788,44.261813611150345,Excellent,Low Risk,Weak operational cash flow detected. Improve liquidity management.,20.81,3.02,4.63
HINDUSTAN UNILEVER LTD.,Fast Moving Consumer Goods,2020-03-01,9211.0,1512,0.0,20153.0,0.0,16.41515579198784,5.119480494357131,Moderate,Low Risk,Moderate financial stability observed with balanced financial performance.,62.54,0.0,1085.96
HINDUSTAN UNILEVER LTD.,Fast Moving Consumer Goods,2021-03-01,12433.0,2190,1009.0,68740.0,0.01467849869071865,17.61441325504705,5.5150848144541795,Moderate,Low Risk,Weak operational cash flow detected. Improve liquidity management.,62.54,0.0,1085.96
HINDUSTAN UNILEVER LTD.,Fast Moving Consumer Goods,2022-03-01,13767.0,2307,1043.0,70506.0,0.014793067256687375,16.75746349967313,5.257698868924432,Moderate,Low Risk,Weak operational cash flow detected. Improve liquidity management.,62.54,0.0,1085.96
HINDUSTAN UNILEVER LTD.,Fast Moving Consumer Goods,2023-03-01,15215.0,2601,1219.0,73087.0,0.016678752719361856,17.094972067039105,5.358022179581952,Moderate,Low Risk,Weak operational cash flow detected. Improve liquidity management.,62.54,0.0,1085.96
INFOSYS LTD.,Information Technology,2020-03-01,23267.0,4335,4633.0,91800.0,0.050468409586056646,18.631538230111317,5.823365608466946,Moderate,Low Risk,Weak operational cash flow detected. Improve liquidity management.,23.49,0.0,284.67
INFOSYS LTD.,Information Technology,2021-03-01,26311.0,5078,5325.0,107511.0,0.04952981555375729,19.299912584090304,6.0303947554058634,Moderate,Low Risk,Moderate financial stability observed with balanced financial performance.,23.49,0.0,284.67
INFOSYS LTD.,Information Technology,2022-03-01,32276.0,5695,5474.0,116729.0,0.04689494470097405,17.64468955260875,5.513213426277446,Moderate,Low Risk,Moderate financial stability observed with balanced financial performance.,23.49,0.0,284.67
INFOSYS LTD.,Information Technology,2023-03-01,37441.0,6134,8299.0,124596.0,0.06660727471186877,16.383109425496116,5.114257043514512,Moderate,Low Risk,Weak operational cash flow detected. Improve liquidity management.,23.49,0.0,284.67
ITC LTD.,Fast Moving Consumer Goods,2020-03-01,11782.0,3927,277.0,77311.0,0.0035829312775672285,33.330504158886434,10.28495533764019,Moderate,Low Risk,Weak operational cash flow detected. Improve liquidity management.,29.4,0.0,409.31
ITC LTD.,Fast Moving Consumer Goods,2021-03-01,14342.0,3820,271.0,73761.0,0.00367402828052765,26.63505787198438,8.264185017944875,Moderate,Low Risk,Weak operational cash flow detected. Improve liquidity management.,29.4,0.0,409.31
ITC LTD.,Fast Moving Consumer Goods,2022-03-01,16556.0,4266,249.0,77196.0,0.0032255557282760763,25.76709350084562,8.008281063363173,Moderate,Low Risk,Moderate financial stability observed with balanced financial performance.,29.4,0.0,409.31
ITC LTD.,Fast Moving Consumer Goods,2023-03-01,17635.0,5243,306.0,85883.0,0.003562986854208633,29.730649277005956,9.199669382265768,Moderate,Low Risk,Moderate financial stability observed with balanced financial performance.,29.4,0.0,409.31
STATE BANK OF INDIA,Financial Services,2020-03-01,6947.0,7273,3607061.0,4197486.0,0.8593384230465569,104.69267309630057,31.254954248159372,Excellent,High Risk,High debt dependency detected. Reduce borrowing exposure and improve cash reserves.,10.41,0.0,1870.62
STATE BANK OF INDIA,Financial Services,2021-03-01,6947.0,6495,4149127.0,4845615.0,0.8562642719242036,93.49359435727652,27.897542018187647,Excellent,High Risk,High debt dependency detected. Reduce borrowing exposure and improve cash reserves.,10.41,0.0,1870.62
STATE BANK OF INDIA,Financial Services,2022-03-01,6947.0,10191,4536570.0,5360878.0,0.8462363814285645,146.6964157190154,43.858880972869954,Excellent,High Risk,High debt dependency detected. Reduce borrowing exposure and improve cash reserves.,10.41,0.0,1870.62
STATE BANK OF INDIA,Financial Services,2023-03-01,6947.0,18769,3503.0,43102.5,0.08127138797053535,270.1741759032676,80.72919726375913,Excellent,Low Risk,Weak operational cash flow detected. Improve liquidity management.,10.41,0.0,1870.62
HOUSING DEVELOPMENT FINANCE CORP.LTD.,Financial Services,2020-03-01,6947.0,4342,425368.0,729782.0,0.582869952944852,62.50179933784368,18.67847184133216,Good,Medium Risk,Weak operational cash flow detected. Improve liquidity management.,47.38,0.0,614.67
HOUSING DEVELOPMENT FINANCE CORP.LTD.,Financial Services,2021-03-01,6947.0,5669,447011.0,829230.0,0.5390675687083197,81.60356988628185,24.423132999337273,Good,Medium Risk,Weak operational cash flow detected. Improve liquidity management.,47.38,0.0,614.67
HOUSING DEVELOPMENT FINANCE CORP.LTD.,Financial Services,2022-03-01,6947.0,6892,507460.0,966230.0,0.5251958643387186,99.20829134878365,29.703968832452485,Excellent,Medium Risk,Weak operational cash flow detected. Improve liquidity management.,47.38,0.0,614.67
HOUSING DEVELOPMENT FINANCE CORP.LTD.,Financial Services,2023-03-01,6947.0,8005,582265.0,1091529.0,0.5334397895062797,115.22959550885274,34.50879211349836,Excellent,Medium Risk,Weak operational cash flow detected. Improve liquidity management.,47.38,0.0,614.67
BHARTI AIRTEL LTD.,Telecommunication,2020-03-01,23019.0,-4977,148228.0,359091.0,0.4127867309400681,-21.62126938615926,-6.496669851217642,Weak,Medium Risk,Low profitability observed. Improve operational efficiency and revenue growth.,-950.99,5.34,1.71
BHARTI AIRTEL LTD.,Telecommunication,2021-03-01,25747.0,1511,162785.0,344417.0,0.4726392715806711,5.868644890666873,1.7430162279813242,Weak,Medium Risk,Weak operational cash flow detected. Improve liquidity management.,-950.99,5.34,1.71
BHARTI AIRTEL LTD.,Telecommunication,2022-03-01,31500.0,3715,169678.0,361207.0,0.4697528010254508,11.793650793650794,3.5275624964817034,Weak,Medium Risk,Weak operational cash flow detected. Improve liquidity management.,-950.99,5.34,1.71
BHARTI AIRTEL LTD.,Telecommunication,2023-03-01,36009.0,4226,226020.0,446633.0,0.5060530681790195,11.735954900163847,3.4990209489165913,Weak,Medium Risk,Weak operational cash flow detected. Improve liquidity management.,-950.99,5.34,1.71
Bajaj Finance Limited,Financial Services,2020-03-01,6947.0,948,129806.0,164391.0,0.789617436477666,13.646178206420037,3.9650069922287647,Weak,High Risk,High debt dependency detected. Reduce borrowing exposure and improve cash reserves.,114.06,0.0,0.0
Bajaj Finance Limited,Financial Services,2021-03-01,6947.0,1347,131634.0,171470.0,0.767679477459614,19.38966460342594,5.726803154282577,Moderate,High Risk,High debt dependency detected. Reduce borrowing exposure and improve cash reserves.,114.06,0.0,0.0
Bajaj Finance Limited,Financial Services,2022-03-01,6947.0,2420,165232.0,212505.0,0.7775440577868756,34.8351806535195,10.321735580023285,Moderate,High Risk,High debt dependency detected. Reduce borrowing exposure and improve cash reserves.,114.06,0.0,0.0
Bajaj Finance Limited,Financial Services,2023-03-01,6947.0,3158,216690.0,275229.0,0.7873080235004305,45.45847128256801,13.508591673802444,Moderate,High Risk,High debt dependency detected. Reduce borrowing exposure and improve cash reserves.,114.06,0.0,0.0
KOTAK MAHINDRA BANK LTD.,Financial Services,2020-03-01,6947.0,1905,325977.0,443173.0,0.7355524817622012,27.421908737584573,8.144962053844594,Moderate,High Risk,High debt dependency detected. Reduce borrowing exposure and improve cash reserves.,35.32,0.0,351.92
KOTAK MAHINDRA BANK LTD.,Financial Services,2021-03-01,6947.0,2589,326610.0,478854.0,0.6820659324136376,37.26788541816612,11.098208224655437,Moderate,High Risk,Weak operational cash flow detected. Improve liquidity management.,35.32,0.0,351.92
KOTAK MAHINDRA BANK LTD.,Financial Services,2022-03-01,6947.0,3892,365235.0,546498.0,0.6683190057420155,56.02418310061898,16.729191515497988,Good,High Risk,Weak operational cash flow detected. Improve liquidity management.,35.32,0.0,351.92
KOTAK MAHINDRA BANK LTD.,Financial Services,2023-03-01,6947.0,4566,3503.0,43102.5,0.08127138797053535,65.72621275370663,19.78815905260697,Good,Low Risk,Weak operational cash flow detected. Improve liquidity management.,35.32,0.0,351.92
Life Insurance Corporation of India,Financial Services,2021-03-01,189073.0,2893,0.0,3811756.0,0.0,1.53009684090272,0.4624455616171645,Weak,Low Risk,Low profitability observed. Improve operational efficiency and revenue growth.,0.0,0.0,0.0
Life Insurance Corporation of India,Financial Services,2022-03-01,211326.0,2372,0.0,4230590.0,0.0,1.1224364252387307,0.3368723262890558,Weak,Low Risk,Low profitability observed. Improve operational efficiency and revenue growth.,0.0,0.0,0.0
Life Insurance Corporation of India,Financial Services,2023-03-01,200179.0,13428,0.0,4550512.0,0.0,6.707996343272771,2.017617392681452,Weak,Low Risk,Weak operational cash flow detected. Improve liquidity management.,0.0,0.0,0.0
LARSEN & TOUBRO LTD.,Construction,2020-03-01,44245.0,3562,141770.0,306687.0,0.46226282822551984,8.050627189512939,2.3920942532974867,Weak,Medium Risk,Weak operational cash flow detected. Improve liquidity management.,39.71,0.0,1068.25
LARSEN & TOUBRO LTD.,Construction,2021-03-01,48088.0,3696,133505.0,310095.0,0.43052935390767344,7.685909166528032,2.307676037660565,Weak,Medium Risk,Weak operational cash flow detected. Improve liquidity management.,39.71,0.0,1068.25
LARSEN & TOUBRO LTD.,Construction,2022-03-01,52851.0,4138,125292.0,319010.0,0.39275257828908183,7.8295585703203345,2.35956472792504,Weak,Medium Risk,Weak operational cash flow detected. Improve liquidity management.,39.71,0.0,1068.25
LARSEN & TOUBRO LTD.,Construction,2023-03-01,58335.0,4459,120650.0,330352.0,0.36521649634329445,7.643781606239822,2.314744461530008,Weak,Medium Risk,Weak operational cash flow detected. Improve liquidity management.,39.71,0.0,1068.25
HCL TECHNOLOGIES LTD.,Information Technology,2020-03-01,18587.0,3172,7986.0,82819.0,0.09642714835967592,17.065691074406843,5.316423051804417,Moderate,Low Risk,Weak operational cash flow detected. Improve liquidity management.,26.96,0.0,0.0
HCL TECHNOLOGIES LTD.,Information Technology,2021-03-01,19641.0,1111,6864.0,86047.0,0.07977035806012993,5.656534799653786,1.9335962319632616,Weak,Low Risk,Moderate financial stability observed with balanced financial performance.,26.96,0.0,0.0
HCL TECHNOLOGIES LTD.,Information Technology,2022-03-01,22597.0,3599,6343.0,88921.0,0.07133298096062797,15.926892950391643,5.008864884701393,Moderate,Low Risk,Weak operational cash flow detected. Improve liquidity management.,26.96,0.0,0.0
HCL TECHNOLOGIES LTD.,Information Technology,2023-03-01,26606.0,3981,4786.0,93411.0,0.051235935810557645,14.962790348041796,4.72546020019355,Weak,Low Risk,Weak operational cash flow detected. Improve liquidity management.,26.96,0.0,0.0
ASIAN PAINTS LTD.,Consumer Durables,2020-03-01,4636.0,480,1118.0,16138.0,0.06927748172016358,10.353753235547886,3.316449430820519,Weak,Low Risk,Weak operational cash flow detected. Improve liquidity management.,73.15,0.0,1286.21
ASIAN PAINTS LTD.,Consumer Durables,2021-03-01,6651.0,870,1093.0,20355.0,0.053696880373372634,13.080739738385205,4.13699519589532,Weak,Low Risk,Weak operational cash flow detected. Improve liquidity management.,73.15,0.0,1286.21
ASIAN PAINTS LTD.,Consumer Durables,2022-03-01,7893.0,874,1587.0,22958.0,0.06912623050788397,11.073102749271506,3.495926817463741,Weak,Low Risk,Weak operational cash flow detected. Improve liquidity management.,73.15,0.0,1286.21
ASIAN PAINTS LTD.,Consumer Durables,2023-03-01,8787.0,1258,1933.0,25798.0,0.0749282890146523,14.316604074200523,4.497353499180848,Weak,Low Risk,Weak operational cash flow detected. Improve liquidity management.,73.15,0.0,1286.21
AXIS BANK LTD.,Financial Services,2020-03-01,6947.0,-1250,797337.0,927872.0,0.859317880052421,-17.99337843673528,-5.535587894725922,Weak,High Risk,High debt dependency detected. Reduce borrowing exposure and improve cash reserves.,29.78,0.0,-930.89
AXIS BANK LTD.,Financial Services,2021-03-01,6947.0,2960,850551.0,1001005.0,0.8496970544602674,42.60832013818915,12.645943976282243,Moderate,High Risk,High debt dependency detected. Reduce borrowing exposure and improve cash reserves.,29.78,0.0,-930.89
AXIS BANK LTD.,Financial Services,2022-03-01,6947.0,4444,1020692.0,1195529.0,0.853757625285543,63.970059018281276,19.054494961159484,Good,High Risk,High debt dependency detected. Reduce borrowing exposure and improve cash reserves.,29.78,0.0,-930.89
AXIS BANK LTD.,Financial Services,2023-03-01,6947.0,-5334,3503.0,43102.5,0.08127138797053535,-76.78134446523678,-22.855914852824327,Weak,Low Risk,Low profitability observed. Improve operational efficiency and revenue growth.,29.78,0.0,-930.89
ADANI ENTERPRISES LTD.,Metals & Mining,2020-03-01,13429.0,97,12419.0,46875.0,0.26493866666666666,0.7223173728498027,0.2819346785216075,Weak,Low Risk,Low profitability observed. Improve operational efficiency and revenue growth.,178.73,0.0,386.74
ADANI ENTERPRISES LTD.,Metals & Mining,2021-03-01,13525.0,333,16227.0,51617.0,0.3143731716295019,2.4621072088724585,0.7905123571712984,Weak,Medium Risk,Low profitability observed. Improve operational efficiency and revenue growth.,178.73,0.0,386.74
ADANI ENTERPRISES LTD.,Metals & Mining,2022-03-01,24866.0,326,41604.0,101586.0,0.4095446222904731,1.311027105284324,0.3795296581736066,Weak,Medium Risk,Low profitability observed. Improve operational efficiency and revenue growth.,178.73,0.0,386.74
ADANI ENTERPRISES LTD.,Metals & Mining,2023-03-01,31346.0,781,53200.0,141488.0,0.37600361868144294,2.4915459707777705,0.7670152726310469,Weak,Medium Risk,Low profitability observed. Improve operational efficiency and revenue growth.,178.73,0.0,386.74
MARUTI SUZUKI INDIA LTD.,Automobile and Auto Components,2020-03-01,18208.0,1322,184.0,63628.0,0.00289180863770667,7.260544815465729,2.4208396249377007,Weak,Low Risk,Weak operational cash flow detected. Improve liquidity management.,35.27,0.0,1737.48
MARUTI SUZUKI INDIA LTD.,Automobile and Auto Components,2021-03-01,24034.0,1241,541.0,71376.0,0.007579578569827393,5.163518349005575,1.7923865963851515,Weak,Low Risk,Weak operational cash flow detected. Improve liquidity management.,35.27,0.0,1737.48
MARUTI SUZUKI INDIA LTD.,Automobile and Auto Components,2022-03-01,26749.0,1876,426.0,74656.0,0.005706172310330047,7.013346293319376,2.329536999868938,Weak,Low Risk,Weak operational cash flow detected. Improve liquidity management.,35.27,0.0,1737.48
MARUTI SUZUKI INDIA LTD.,Automobile and Auto Components,2023-03-01,32060.0,2671,1247.0,84597.0,0.014740475430570823,8.331253898939488,2.736888138191368,Weak,Low Risk,Weak operational cash flow detected. Improve liquidity management.,35.27,0.0,1737.48
Titan Company Limited,Consumer Durables,2020-03-01,4712.0,343,3562.0,13544.0,0.262994683992912,7.279286926994907,2.27179552877774,Weak,Low Risk,Weak operational cash flow detected. Improve liquidity management.,72.98,0.0,824.72
Titan Company Limited,Consumer Durables,2021-03-01,7494.0,568,5638.0,16444.0,0.3428606178545366,7.579396850813984,2.3907370800556764,Weak,Medium Risk,Moderate financial stability observed with balanced financial performance.,72.98,0.0,824.72
Titan Company Limited,Consumer Durables,2022-03-01,7796.0,527,7275.0,21188.0,0.3433547290919388,6.759876859928168,2.0829186932436947,Weak,Medium Risk,Weak operational cash flow detected. Improve liquidity management.,72.98,0.0,824.72
Titan Company Limited,Consumer Durables,2023-03-01,10360.0,736,9367.0,27023.0,0.346630647966547,7.104247104247103,2.2026651685386835,Weak,Medium Risk,Weak operational cash flow detected. Improve liquidity management.,72.98,0.0,824.72
SUN PHARMACEUTICAL INDUSTRIES LTD.,Healthcare,2020-03-01,8185.0,493,8315.0,68194.0,0.12193154823004956,6.023213194868663,1.999876824695165,Weak,Low Risk,Weak operational cash flow detected. Improve liquidity management.,163.41,0.0,202.86
SUN PHARMACEUTICAL INDUSTRIES LTD.,Healthcare,2021-03-01,8523.0,842,3869.0,67622.0,0.057215107509390434,9.879150533849582,3.175615557362884,Weak,Low Risk,Weak operational cash flow detected. Improve liquidity management.,163.41,0.0,202.86
SUN PHARMACEUTICAL INDUSTRIES LTD.,Healthcare,2022-03-01,9447.0,-2227,1290.0,69768.0,0.01848985208118335,-23.573621255425003,-6.844613896407343,Weak,Low Risk,Low profitability observed. Improve operational efficiency and revenue growth.,163.41,0.0,202.86
SUN PHARMACEUTICAL INDUSTRIES LTD.,Healthcare,2023-03-01,10931.0,1983,6886.0,80744.0,0.08528187852967403,18.141066691062115,5.637478780725946,Moderate,Low Risk,Weak operational cash flow detected. Improve liquidity management.,163.41,0.0,202.86
BAJAJ FINSERV LTD.,Financial Services,2020-03-01,13294.0,540,127212.0,251304.0,0.5062076210486105,4.061982849405747,1.136027128084386,Weak,Medium Risk,Low profitability observed. Improve operational efficiency and revenue growth.,75.89,0.0,0.62
BAJAJ FINSERV LTD.,Financial Services,2021-03-01,15387.0,1745,128461.0,279845.0,0.45904339902445995,11.34074218496133,3.3519884186787365,Weak,Medium Risk,Weak operational cash flow detected. Improve liquidity management.,75.89,0.0,0.62
BAJAJ FINSERV LTD.,Financial Services,2022-03-01,18862.0,2534,161179.0,333413.0,0.48342146227051735,13.434418407379917,3.9495857190269357,Weak,Medium Risk,Weak operational cash flow detected. Improve liquidity management.,75.89,0.0,0.62
BAJAJ FINSERV LTD.,Financial Services,2023-03-01,23625.0,3335,212265.0,405509.0,0.5234532402486751,14.116402116402115,4.144972939555056,Weak,Medium Risk,Weak operational cash flow detected. Improve liquidity management.,75.89,0.0,0.62
Avenue Supermarts Ltd,Consumer Services,2020-03-01,6256.0,271,333.0,12076.0,0.02757535607817158,4.3318414322250645,1.5743950928010073,Weak,Low Risk,Low profitability observed. Improve operational efficiency and revenue growth.,88.82,0.0,77.93
Avenue Supermarts Ltd,Consumer Services,2021-03-01,7412.0,414,393.0,13655.0,0.02878066642255584,5.58553696708041,1.9434897243240497,Weak,Low Risk,Weak operational cash flow detected. Improve liquidity management.,88.82,0.0,77.93
Avenue Supermarts Ltd,Consumer Services,2022-03-01,8786.0,427,647.0,15471.0,0.04182017969103484,4.860004552697473,1.720040018772851,Weak,Low Risk,Low profitability observed. Improve operational efficiency and revenue growth.,88.82,0.0,77.93
Avenue Supermarts Ltd,Consumer Services,2023-03-01,10594.0,460,643.0,18106.0,0.03551308958356346,4.342080422880875,1.5802337590303954,Weak,Low Risk,Low profitability observed. Improve operational efficiency and revenue growth.,88.82,0.0,77.93
ULTRATECH CEMENT LTD.,Construction Materials,2020-03-01,10854.0,3237,23019.0,79214.0,0.2905925720200975,29.823106688778328,9.058239351294795,Moderate,Low Risk,Weak operational cash flow detected. Improve liquidity management.,45.35,0.0,571.64
ULTRATECH CEMENT LTD.,Construction Materials,2021-03-01,14406.0,1774,21719.0,86176.0,0.25203072781284813,12.314313480494238,3.82567633156008,Weak,Low Risk,Weak operational cash flow detected. Improve liquidity management.,45.35,0.0,571.64
ULTRATECH CEMENT LTD.,Construction Materials,2022-03-01,15767.0,2614,11299.0,83811.0,0.13481523904976675,16.57893067799835,5.148368683300711,Moderate,Low Risk,Weak operational cash flow detected. Improve liquidity management.,45.35,0.0,571.64
ULTRATECH CEMENT LTD.,Construction Materials,2023-03-01,18662.0,1670,11058.0,91387.0,0.12100189304824538,8.948665737863038,2.8576330849664267,Weak,Low Risk,Weak operational cash flow detected. Improve liquidity management.,45.35,0.0,571.64
WIPRO LTD.,Information Technology,2020-03-01,15750.0,2345,9724.0,81000.0,0.12004938271604938,14.888888888888888,4.668169135802469,Weak,Low Risk,Weak operational cash flow detected. Improve liquidity management.,24.01,0.0,206.28
WIPRO LTD.,Information Technology,2021-03-01,16245.0,2974,10451.0,82566.0,0.1265775258581014,18.307171437365344,5.698075177061407,Moderate,Low Risk,Weak operational cash flow detected. Improve liquidity management.,24.01,0.0,206.28
WIPRO LTD.,Information Technology,2022-03-01,20861.0,3092,17593.0,107276.0,0.16399753905813044,14.82191649489478,4.614268561205672,Weak,Low Risk,Weak operational cash flow detected. Improve liquidity management.,24.01,0.0,206.28
WIPRO LTD.,Information Technology,2023-03-01,23190.0,3094,17467.0,117134.0,0.14911981149794254,13.341957740405347,4.191171337010535,Weak,Low Risk,Weak operational cash flow detected. Improve liquidity management.,24.01,0.0,206.28
Oil and Natural Gas Corporation Ltd,"Oil, Gas & Consumable Fuels",2020-03-01,104374.0,-6726,129473.0,508364.0,0.2546856189659378,-6.444133596489547,-1.839078808675956,Weak,Low Risk,Low profitability observed. Improve operational efficiency and revenue growth.,4.29,0.0,175.59
Oil and Natural Gas Corporation Ltd,"Oil, Gas & Consumable Fuels",2021-03-01,114124.0,10963,133187.0,541748.0,0.24584677746849087,9.606217798184431,2.969003455332084,Weak,Low Risk,Weak operational cash flow detected. Improve liquidity management.,4.29,0.0,175.59
Oil and Natural Gas Corporation Ltd,"Oil, Gas & Consumable Fuels",2022-03-01,155920.0,12061,121986.0,583319.0,0.20912399561817804,7.735377116469985,2.4357588785221234,Weak,Low Risk,Weak operational cash flow detected. Improve liquidity management.,4.29,0.0,175.59
NESTLE INDIA LTD.,Fast Moving Consumer Goods,2020-12-01,3433.0,483,147.0,7900.0,0.01860759493670886,14.069327119137782,4.352228515488169,Weak,Low Risk,Moderate financial stability observed with balanced financial performance.,81.68,58.45,23.43
NESTLE INDIA LTD.,Fast Moving Consumer Goods,2021-12-01,3748.0,379,266.0,8234.0,0.032305076512023315,10.11205976520811,3.148871755163599,Weak,Low Risk,Moderate financial stability observed with balanced financial performance.,81.68,58.45,23.43
NESTLE INDIA LTD.,Fast Moving Consumer Goods,2022-12-01,4257.0,628,271.0,8979.0,0.03018153469205925,14.752172891707776,4.559530918631611,Weak,Low Risk,Moderate financial stability observed with balanced financial performance.,81.68,58.45,23.43
TATA MOTORS LTD.,Automobile and Auto Components,2020-03-01,62493.0,-9864,124788.0,320179.0,0.3897444866777646,-15.784167826796603,-4.738947342532685,Weak,Medium Risk,Low profitability observed. Improve operational efficiency and revenue growth.,63.16,0.0,351.89
TATA MOTORS LTD.,Automobile and Auto Components,2021-03-01,88628.0,-7585,142131.0,341570.0,0.4161108996691747,-8.558243444509635,-2.585863699980522,Weak,Medium Risk,Low profitability observed. Improve operational efficiency and revenue growth.,63.16,0.0,351.89
TATA MOTORS LTD.,Automobile and Auto Components,2022-03-01,78439.0,-992,146449.0,329061.0,0.4450512215060429,-1.2646770101607618,-0.4198050346049915,Weak,Medium Risk,Low profitability observed. Improve operational efficiency and revenue growth.,63.16,0.0,351.89
TATA MOTORS LTD.,Automobile and Auto Components,2023-03-01,105932.0,5496,134113.0,336081.0,0.3990496338680259,5.188233961409206,1.53749202542039,Weak,Medium Risk,Weak operational cash flow detected. Improve liquidity management.,63.16,0.0,351.89
NTPC LTD.,Power,2020-03-01,30391.0,1630,202984.0,377569.0,0.5376076955470391,5.363429962817939,1.6007250761830605,Weak,Medium Risk,Weak operational cash flow detected. Improve liquidity management.,9.86,0.0,58.5
NTPC LTD.,Power,2021-03-01,30103.0,4649,210208.0,398022.0,0.5281316108154825,15.44364349068199,4.6312333510069,Weak,Medium Risk,Weak operational cash flow detected. Improve liquidity management.,9.86,0.0,58.5
NTPC LTD.,Power,2022-03-01,37085.0,5200,210707.0,415752.0,0.5068093478804672,14.021841714979102,4.215979528675262,Weak,Medium Risk,Weak operational cash flow detected. Improve liquidity management.,9.86,0.0,58.5
NTPC LTD.,Power,2023-03-01,44253.0,4872,221626.0,446021.0,0.4968958860681448,11.009423089960002,3.3137748419964868,Weak,Medium Risk,Weak operational cash flow detected. Improve liquidity management.,9.86,0.0,58.5
JSW STEEL LTD.,Metals & Mining,2020-03-01,17887.0,188,61399.0,131820.0,0.4657790927021696,1.0510426566780342,0.32416274390069444,Weak,Medium Risk,Low profitability observed. Improve operational efficiency and revenue growth.,34.36,0.0,0.0
JSW STEEL LTD.,Metals & Mining,2021-03-01,26934.0,4191,66701.0,147163.0,0.4532457207314339,15.56025840944531,4.695383299421457,Weak,Medium Risk,Weak operational cash flow detected. Improve liquidity management.,34.36,0.0,0.0
JSW STEEL LTD.,Metals & Mining,2022-03-01,46895.0,3343,72208.0,196485.0,0.36749879125633,7.128691758183176,2.194139501905928,Weak,Medium Risk,Weak operational cash flow detected. Improve liquidity management.,34.36,0.0,0.0
JSW STEEL LTD.,Metals & Mining,2023-03-01,46962.0,3741,80853.0,211078.0,0.38304797278731084,7.966015076018909,2.4282367611251563,Weak,Medium Risk,Weak operational cash flow detected. Improve liquidity management.,34.36,0.0,0.0
POWER GRID CORPORATION OF INDIA LTD.,Power,2020-03-01,10148.0,3313,148270.0,256671.0,0.5776655718799553,32.646826960977535,9.771969240273812,Moderate,Medium Risk,Weak operational cash flow detected. Improve liquidity management.,10.79,0.0,60.42
POWER GRID CORPORATION OF INDIA LTD.,Power,2021-03-01,10510.0,3526,143232.0,255708.0,0.5601389084424422,33.54900095147478,10.051581415481387,Moderate,Medium Risk,Weak operational cash flow detected. Improve liquidity management.,10.79,0.0,60.42
POWER GRID CORPORATION OF INDIA LTD.,Power,2022-03-01,10687.0,4156,134696.0,250950.0,0.5367443713887229,38.8883690465051,11.662793638836963,Moderate,Medium Risk,Weak operational cash flow detected. Improve liquidity management.,10.79,0.0,60.42
POWER GRID CORPORATION OF INDIA LTD.,Power,2023-03-01,12264.0,4320,126661.0,250296.0,0.5060448429059993,35.22504892367906,10.559077067233806,Moderate,Medium Risk,Weak operational cash flow detected. Improve liquidity management.,10.79,0.0,60.42
MAHINDRA & MAHINDRA LTD.,Automobile and Auto Components,2020-03-01,16315.0,-1754,82092.0,165716.0,0.4953776340244756,-10.750842782715294,-3.25473278847024,Weak,Medium Risk,Low profitability observed. Improve operational efficiency and revenue growth.,24.16,0.0,258.57
MAHINDRA & MAHINDRA LTD.,Automobile and Auto Components,2021-03-01,21456.0,1150,80625.0,164968.0,0.4887311478589787,5.359806114839672,1.606516709579199,Weak,Medium Risk,Weak operational cash flow detected. Improve liquidity management.,24.16,0.0,258.57
MAHINDRA & MAHINDRA LTD.,Automobile and Auto Components,2022-03-01,25934.0,2608,77605.0,172388.0,0.4501763463814187,10.056296753296829,3.018621745203843,Weak,Medium Risk,Weak operational cash flow detected. Improve liquidity management.,24.16,0.0,258.57
MAHINDRA & MAHINDRA LTD.,Automobile and Auto Components,2023-03-01,32366.0,2998,92247.0,205892.0,0.44803586346239777,9.262806648952605,2.772537232966045,Weak,Medium Risk,Weak operational cash flow detected. Improve liquidity management.,24.16,0.0,258.57
Adani Green Energy Ltd,Power,2020-03-01,696.0,56,14867.0,18424.0,0.8069366044290056,8.045977011494253,2.286632877655831,Weak,High Risk,High debt dependency detected. Reduce borrowing exposure and improve cash reserves.,-465.36,0.0,-15.15
Adani Green Energy Ltd,Power,2021-03-01,986.0,104,24209.0,28692.0,0.8437543566150844,10.547667342799189,3.013359173981538,Weak,High Risk,High debt dependency detected. Reduce borrowing exposure and improve cash reserves.,-465.36,0.0,-15.15
Adani Green Energy Ltd,Power,2022-03-01,1461.0,121,52832.0,58954.0,0.8961563252705499,8.281998631074607,2.3210924481614774,Weak,High Risk,High debt dependency detected. Reduce borrowing exposure and improve cash reserves.,-465.36,0.0,-15.15
Adani Green Energy Ltd,Power,2023-03-01,2598.0,507,54223.0,67361.0,0.8049613277712623,19.51501154734411,5.740556224702631,Moderate,High Risk,High debt dependency detected. Reduce borrowing exposure and improve cash reserves.,-465.36,0.0,-15.15
ADANI PORTS AND SPECIAL ECONOMIC ZONE LTD.,Services,2020-03-01,2921.0,340,29979.0,61917.0,0.48418043509859976,11.639849366655255,3.5404051548130244,Weak,Medium Risk,Weak operational cash flow detected. Improve liquidity management.,-123.2,0.0,2.64
ADANI PORTS AND SPECIAL ECONOMIC ZONE LTD.,Services,2021-03-01,3608.0,1321,35583.0,74582.0,0.47709903193800113,36.61308203991131,11.029580400233296,Moderate,Medium Risk,Weak operational cash flow detected. Improve liquidity management.,-123.2,0.0,2.64
ADANI PORTS AND SPECIAL ECONOMIC ZONE LTD.,Services,2022-03-01,3845.0,1033,47619.0,93883.0,0.5072164289594495,26.86605981794538,8.09959617999478,Moderate,Medium Risk,Weak operational cash flow detected. Improve liquidity management.,-123.2,0.0,2.64
COAL INDIA LTD.,"Oil, Gas & Consumable Fuels",2020-03-01,27568.0,4626,6434.0,150020.0,0.04288761498466871,16.780325014509575,5.084136165864671,Moderate,Low Risk,Weak operational cash flow detected. Improve liquidity management.,10.05,0.0,50.92
COAL INDIA LTD.,"Oil, Gas & Consumable Fuels",2021-03-01,26700.0,4589,5884.0,161051.0,0.03653501064880069,17.187265917602996,5.218570570743205,Moderate,Low Risk,Weak operational cash flow detected. Improve liquidity management.,10.05,0.0,50.92
COAL INDIA LTD.,"Oil, Gas & Consumable Fuels",2022-03-01,32709.0,6715,3514.0,179432.0,0.019584020687502788,20.529517869699472,6.262564844168123,Moderate,Low Risk,Moderate financial stability observed with balanced financial performance.,10.05,0.0,50.92
COAL INDIA LTD.,"Oil, Gas & Consumable Fuels",2023-03-01,38152.0,5528,4331.0,211207.0,0.020505949139943278,14.489410777940867,4.449071738403401,Weak,Low Risk,Weak operational cash flow detected. Improve liquidity management.,10.05,0.0,50.92
LTIMindtree Ltd,Information Technology,2020-03-01,3012.0,428,912.0,8815.0,0.1034600113442995,14.209827357237717,4.462891485673868,Weak,Low Risk,Weak operational cash flow detected. Improve liquidity management.,45.17,0.0,3686.15
LTIMindtree Ltd,Information Technology,2021-03-01,3269.0,546,798.0,10706.0,0.07453764244348964,16.70235546038544,5.244799670060336,Moderate,Low Risk,Moderate financial stability observed with balanced financial performance.,45.17,0.0,3686.15
LTIMindtree Ltd,Information Technology,2022-03-01,7129.0,1109,836.0,12459.0,0.06710008828958985,15.556178987235237,4.891775439488654,Weak,Low Risk,Weak operational cash flow detected. Improve liquidity management.,45.17,0.0,3686.15
LTIMindtree Ltd,Information Technology,2023-03-01,8691.0,1114,1541.0,23496.0,0.06558563159686755,12.817857553791278,4.070050830999487,Weak,Low Risk,Weak operational cash flow detected. Improve liquidity management.,45.17,0.0,3686.15
HINDUSTAN ZINC LTD.,Metals & Mining,2020-03-01,4391.0,1339,611.0,46975.0,0.01300691857370942,30.494192666818492,9.425884197065239,Moderate,Low Risk,Weak operational cash flow detected. Improve liquidity management.,0.0,0.0,0.0
HINDUSTAN ZINC LTD.,Metals & Mining,2021-03-01,6947.0,2481,7201.0,45727.0,0.15747807640999847,35.71325752123219,10.935150742493828,Moderate,Low Risk,Moderate financial stability observed with balanced financial performance.,0.0,0.0,0.0
HINDUSTAN ZINC LTD.,Metals & Mining,2022-03-01,8797.0,2929,2844.0,44671.0,0.06366546529068076,33.29544162782767,10.257274336527209,Moderate,Low Risk,Moderate financial stability observed with balanced financial performance.,0.0,0.0,0.0
HINDUSTAN ZINC LTD.,Metals & Mining,2023-03-01,8509.0,2589,11881.0,35454.0,0.3351102837479551,30.42660712187096,9.248687839725953,Moderate,Medium Risk,Moderate financial stability observed with balanced financial performance.,0.0,0.0,0.0
TATA STEEL LTD.,Metals & Mining,2020-03-01,36009.0,-1615,116328.0,249149.0,0.4669013321345861,-4.4849898636452,-1.335472836981892,Weak,Medium Risk,Low profitability observed. Improve operational efficiency and revenue growth.,8.39,0.0,328.93
TATA STEEL LTD.,Metals & Mining,2021-03-01,50028.0,7162,88501.0,243909.0,0.3628443394872678,14.315983049492283,4.348411222569007,Weak,Medium Risk,Weak operational cash flow detected. Improve liquidity management.,8.39,0.0,328.93
TATA STEEL LTD.,Metals & Mining,2022-03-01,69324.0,9835,75561.0,282422.0,0.2675464376004702,14.187005943107724,4.354290309321905,Weak,Low Risk,Weak operational cash flow detected. Improve liquidity management.,8.39,0.0,328.93
TATA STEEL LTD.,Metals & Mining,2023-03-01,62962.0,1566,84893.0,288022.0,0.29474484587982863,2.48721451033957,0.8083689763598165,Weak,Low Risk,Low profitability observed. Improve operational efficiency and revenue growth.,8.39,0.0,328.93
PIDILITE INDUSTRIES LTD.,Chemicals,2020-03-01,1545.0,157,288.0,6523.0,0.04415146405028361,10.161812297734627,3.2815499747718677,Weak,Low Risk,Weak operational cash flow detected. Improve liquidity management.,104.55,0.0,571.89
PIDILITE INDUSTRIES LTD.,Chemicals,2021-03-01,2236.0,307,331.0,8814.0,0.03755389153619242,13.729874776386405,4.331669489870767,Weak,Low Risk,Weak operational cash flow detected. Improve liquidity management.,104.55,0.0,571.89
PIDILITE INDUSTRIES LTD.,Chemicals,2022-03-01,2507.0,254,416.0,9494.0,0.04381714767221403,10.131631431990428,3.2515918100479393,Weak,Low Risk,Weak operational cash flow detected. Improve liquidity management.,104.55,0.0,571.89
PIDILITE INDUSTRIES LTD.,Chemicals,2023-03-01,2689.0,286,391.0,10525.0,0.037149643705463184,10.635924135366308,3.41706702683317,Weak,Low Risk,Weak operational cash flow detected. Improve liquidity management.,104.55,0.0,571.89
BAJAJ AUTO LTD.,Automobile and Auto Components,2020-03-01,6816.0,1354,126.0,26510.0,0.004752923425122595,19.865023474178404,6.229469320639036,Moderate,Low Risk,Weak operational cash flow detected. Improve liquidity management.,23.18,0.0,506.39
BAJAJ AUTO LTD.,Automobile and Auto Components,2021-03-01,8596.0,1551,121.0,33602.0,0.003600976132373073,18.043275942298745,5.671747141953953,Moderate,Low Risk,Weak operational cash flow detected. Improve liquidity management.,23.18,0.0,506.39
BAJAJ AUTO LTD.,Automobile and Auto Components,2022-03-01,7975.0,1526,123.0,35111.0,0.0035031756429608953,19.134796238244515,6.016301136860269,Moderate,Low Risk,Weak operational cash flow detected. Improve liquidity management.,23.18,0.0,506.39
BAJAJ AUTO LTD.,Automobile and Auto Components,2023-03-01,8929.0,1705,124.0,35136.0,0.003529143897996357,19.095083435995072,6.006140581800343,Moderate,Low Risk,Weak operational cash flow detected. Improve liquidity management.,23.18,0.0,506.39
INDIAN OIL CORPORATION LTD.,"Oil, Gas & Consumable Fuels",2020-03-01,118007.0,-8566,129790.0,329962.0,0.3933483249586316,-7.258891421695324,-2.1736175662216555,Weak,Medium Risk,Low profitability observed. Improve operational efficiency and revenue growth.,15.43,0.0,71.23
INDIAN OIL CORPORATION LTD.,"Oil, Gas & Consumable Fuels",2021-03-01,119874.0,9145,116649.0,355145.0,0.3284545748919455,7.628843619133423,2.3376395560549685,Weak,Medium Risk,Weak operational cash flow detected. Improve liquidity management.,15.43,0.0,71.23
INDIAN OIL CORPORATION LTD.,"Oil, Gas & Consumable Fuels",2022-03-01,175292.0,7089,132020.0,410882.0,0.3213087942523644,4.04410925769573,1.2517260673530628,Weak,Medium Risk,Low profitability observed. Improve operational efficiency and revenue growth.,15.43,0.0,71.23
INDIAN OIL CORPORATION LTD.,"Oil, Gas & Consumable Fuels",2023-03-01,203872.0,10841,148977.0,441762.0,0.33723362353484454,5.317552189609167,1.6267715356138313,Weak,Medium Risk,Weak operational cash flow detected. Improve liquidity management.,15.43,0.0,71.23
SIEMENS LTD.,Capital Goods,2020-09-01,3519.0,328,206.0,15666.0,0.013149495723222264,9.320829781187838,2.9823142988399463,Weak,Low Risk,Weak operational cash flow detected. Improve liquidity management.,65.62,0.0,724.72
SIEMENS LTD.,Capital Goods,2021-09-01,3877.0,323,196.0,17382.0,0.011276032677482454,8.331183905081248,2.689736025281134,Weak,Low Risk,Weak operational cash flow detected. Improve liquidity management.,65.62,0.0,724.72
SIEMENS LTD.,Capital Goods,2022-09-01,4331.0,663,160.0,19512.0,0.008200082000820008,15.308242900023089,4.777543595714183,Weak,Low Risk,Weak operational cash flow detected. Improve liquidity management.,65.62,0.0,724.72
HDFC Life Insurance Company Ltd,Financial Services,2020-03-01,341.0,312,0.0,132224.0,0.0,91.49560117302052,27.470718711054268,Excellent,Low Risk,Weak operational cash flow detected. Improve liquidity management.,0.0,0.0,0.0
HDFC Life Insurance Company Ltd,Financial Services,2021-03-01,19186.0,319,600.0,179655.0,0.003339734491107957,1.6626706973835086,0.5199879282042262,Weak,Low Risk,Low profitability observed. Improve operational efficiency and revenue growth.,0.0,0.0,0.0
HDFC Life Insurance Company Ltd,Financial Services,2022-03-01,17482.0,506,600.0,230734.0,0.002600396993941075,2.8944056744079623,0.890506989276197,Weak,Low Risk,Low profitability observed. Improve operational efficiency and revenue growth.,0.0,0.0,0.0
HDFC Life Insurance Company Ltd,Financial Services,2023-03-01,20857.0,362,950.0,247872.0,0.0038326232894397108,1.7356283262214125,0.5385965310448383,Weak,Low Risk,Low profitability observed. Improve operational efficiency and revenue growth.,0.0,0.0,0.0
SBI Life Insurance Company Ltd,Financial Services,2020-03-01,5174.0,531,0.0,165580.0,0.0,10.262852725164283,3.116195472096935,Weak,Low Risk,Weak operational cash flow detected. Improve liquidity management.,0.0,0.0,0.0
SBI Life Insurance Company Ltd,Financial Services,2021-03-01,20289.0,532,0.0,226830.0,0.0,2.6221105032283503,0.8201190214441917,Weak,Low Risk,Low profitability observed. Improve operational efficiency and revenue growth.,0.0,0.0,0.0
SBI Life Insurance Company Ltd,Financial Services,2022-03-01,20671.0,672,0.0,273337.0,0.0,3.250931256349475,1.002926567003512,Weak,Low Risk,Low profitability observed. Improve operational efficiency and revenue growth.,0.0,0.0,0.0
SBI Life Insurance Company Ltd,Financial Services,2023-03-01,21296.0,777,0.0,314686.0,0.0,3.6485725018782866,1.1242403726184869,Weak,Low Risk,Low profitability observed. Improve operational efficiency and revenue growth.,0.0,0.0,0.0
DLF LTD.,Realty,2020-03-01,1694.0,-1860,8103.0,55890.0,0.14498121309715511,-109.79929161747344,-32.78526610395736,Weak,Low Risk,Low profitability observed. Improve operational efficiency and revenue growth.,51.2,0.0,211.09
DLF LTD.,Realty,2021-03-01,1713.0,477,6785.0,53488.0,0.12685088244092133,27.845884413309985,8.529313110412378,Moderate,Low Risk,Weak operational cash flow detected. Improve liquidity management.,51.2,0.0,211.09
DLF LTD.,Realty,2022-03-01,1547.0,406,4182.0,51167.0,0.0817323665643872,26.244343891402718,8.078320072848141,Moderate,Low Risk,Weak operational cash flow detected. Improve liquidity management.,51.2,0.0,211.09
DLF LTD.,Realty,2023-03-01,1456.0,570,3334.0,53928.0,0.061823171636255746,39.14835164835165,11.947846986865677,Moderate,Low Risk,Weak operational cash flow detected. Improve liquidity management.,51.2,0.0,211.09
GRASIM INDUSTRIES LTD.,Construction Materials,2020-03-01,19350.0,2309,84766.0,244181.0,0.347144126692904,11.9328165374677,3.5934459375652485,Weak,Medium Risk,Weak operational cash flow detected. Improve liquidity management.,52.32,0.0,71.01
GRASIM INDUSTRIES LTD.,Construction Materials,2021-03-01,24401.0,2617,79067.0,267349.0,0.29574451372550487,10.724970288102947,3.2429641572110257,Weak,Low Risk,Weak operational cash flow detected. Improve liquidity management.,52.32,0.0,71.01
GRASIM INDUSTRIES LTD.,Construction Materials,2022-03-01,28811.0,4070,74733.0,289149.0,0.25845844184140354,14.12654888757766,4.269543886675236,Weak,Low Risk,Weak operational cash flow detected. Improve liquidity management.,52.32,0.0,71.01
GRASIM INDUSTRIES LTD.,Construction Materials,2023-03-01,33462.0,2356,103039.0,337205.0,0.3055678296585163,7.040822425437811,2.122281572903507,Weak,Medium Risk,Weak operational cash flow detected. Improve liquidity management.,52.32,0.0,71.01
BRITANNIA INDUSTRIES LTD.,Fast Moving Consumer Goods,2020-03-01,2868.0,372,1538.0,7830.0,0.19642401021711367,12.97071129707113,4.057637399338452,Weak,Low Risk,Weak operational cash flow detected. Improve liquidity management.,51.76,32.38,17.55
BRITANNIA INDUSTRIES LTD.,Fast Moving Consumer Goods,2021-03-01,3131.0,360,2122.0,8000.0,0.26525,11.497923985946981,3.5753771957840943,Weak,Low Risk,Moderate financial stability observed with balanced financial performance.,51.76,32.38,17.55
BRITANNIA INDUSTRIES LTD.,Fast Moving Consumer Goods,2022-03-01,3550.0,378,2481.0,7515.0,0.33013972055888224,10.647887323943662,3.2640934094252807,Weak,Medium Risk,Weak operational cash flow detected. Improve liquidity management.,51.76,32.38,17.55
BRITANNIA INDUSTRIES LTD.,Fast Moving Consumer Goods,2023-03-01,4023.0,558,2997.0,9353.0,0.320431946968887,13.870246085011187,4.263586388317427,Weak,Medium Risk,Moderate financial stability observed with balanced financial performance.,51.76,32.38,17.55
Vedanta Limited,Metals & Mining,2020-03-01,19755.0,-12083,59185.0,180737.0,0.3274647692503472,-61.16426221209821,-18.30334506951204,Weak,Medium Risk,Low profitability observed. Improve operational efficiency and revenue growth.,4.04,0.0,3997.85
Vedanta Limited,Metals & Mining,2021-03-01,28206.0,7628,57667.0,183496.0,0.3142684309194751,27.043891370630362,8.177661460105707,Moderate,Medium Risk,Weak operational cash flow detected. Improve liquidity management.,4.04,0.0,3997.85
Vedanta Limited,Metals & Mining,2022-03-01,39822.0,7261,53581.0,194165.0,0.2759560167898437,18.23363969665009,5.551361447789351,Moderate,Low Risk,Weak operational cash flow detected. Improve liquidity management.,4.04,0.0,3997.85
Vedanta Limited,Metals & Mining,2023-03-01,37930.0,3132,66628.0,196356.0,0.3393224551325144,8.257316108621145,2.502672536348897,Weak,Medium Risk,Weak operational cash flow detected. Improve liquidity management.,4.04,0.0,3997.85
TECH MAHINDRA LTD.,Information Technology,2020-03-01,9490.0,726,3670.0,37318.0,0.09834396269896564,7.650158061116966,2.470584692572723,Weak,Low Risk,Weak operational cash flow detected. Improve liquidity management.,27.68,0.0,138.92
TECH MAHINDRA LTD.,Information Technology,2021-03-01,9730.0,1044,2901.0,39602.0,0.07325387606686531,10.729701952723536,3.4301877940388676,Weak,Low Risk,Moderate financial stability observed with balanced financial performance.,27.68,0.0,138.92
TECH MAHINDRA LTD.,Information Technology,2022-03-01,12116.0,1545,2618.0,44416.0,0.05894272334293948,12.751733245295476,4.016160733675098,Weak,Low Risk,Weak operational cash flow detected. Improve liquidity management.,27.68,0.0,138.92
TECH MAHINDRA LTD.,Information Technology,2023-03-01,13718.0,1125,2740.0,46153.0,0.05936775507550972,8.200903921854499,2.651192676783854,Weak,Low Risk,Weak operational cash flow detected. Improve liquidity management.,27.68,0.0,138.92
Varun Beverages Ltd,Fast Moving Consumer Goods,2020-12-01,1331.0,-7,3216.0,8447.0,0.3807268852847165,-0.5259203606311045,-0.09506745422934554,Weak,Medium Risk,Low profitability observed. Improve operational efficiency and revenue growth.,76.33,0.0,57.41
Varun Beverages Ltd,Fast Moving Consumer Goods,2021-12-01,1734.0,33,3387.0,9579.0,0.35358596930786096,1.9031141868512111,0.6401377219703858,Weak,Medium Risk,Low profitability observed. Improve operational efficiency and revenue growth.,76.33,0.0,57.41
Varun Beverages Ltd,Fast Moving Consumer Goods,2022-12-01,2214.0,82,3884.0,11618.0,0.33430883112411774,3.7037037037037033,1.1900489661636156,Weak,Medium Risk,Low profitability observed. Improve operational efficiency and revenue growth.,76.33,0.0,57.41
GODREJ CONSUMER PRODUCTS LTD.,Fast Moving Consumer Goods,2020-03-01,2154.0,230,3575.0,14880.0,0.24025537634408603,10.677808727948005,3.3338130484919284,Weak,Low Risk,Weak operational cash flow detected. Improve liquidity management.,70.93,0.0,398.46
GODREJ CONSUMER PRODUCTS LTD.,Fast Moving Consumer Goods,2021-03-01,2731.0,366,1864.0,14244.0,0.13086211738275766,13.401684364701575,4.219487336930832,Weak,Low Risk,Weak operational cash flow detected. Improve liquidity management.,70.93,0.0,398.46
GODREJ CONSUMER PRODUCTS LTD.,Fast Moving Consumer Goods,2022-03-01,2916.0,363,1704.0,16082.0,0.10595697052605398,12.448559670781894,3.945088980702296,Weak,Low Risk,Weak operational cash flow detected. Improve liquidity management.,70.93,0.0,398.46
GODREJ CONSUMER PRODUCTS LTD.,Fast Moving Consumer Goods,2023-03-01,3200.0,452,1130.0,17499.0,0.06457511857820447,14.124999999999998,4.483902651580089,Weak,Low Risk,Weak operational cash flow detected. Improve liquidity management.,70.93,0.0,398.46
Adani Transmission Ltd,Power,2020-03-01,3187.0,59,24246.0,39711.0,0.6105613054317444,1.8512707875745216,0.516548167349388,Weak,High Risk,Low profitability observed. Improve operational efficiency and revenue growth.,691.71,28.15,0.96
Adani Transmission Ltd,Power,2021-03-01,2727.0,257,27095.0,43234.0,0.6267058333718832,9.424275760909424,2.7737022129376747,Weak,High Risk,Weak operational cash flow detected. Improve liquidity management.,691.71,28.15,0.96
Adani Transmission Ltd,Power,2022-03-01,2975.0,237,29902.0,47464.0,0.6299932580482049,7.966386554621849,2.3368841949387202,Weak,High Risk,Weak operational cash flow detected. Improve liquidity management.,691.71,28.15,0.96
Hindustan Aeronautics Ltd,Capital Goods,2020-03-01,10252.0,1226,5927.0,54135.0,0.10948554539576984,11.958642216152946,3.642667939621907,Weak,Low Risk,Weak operational cash flow detected. Improve liquidity management.,17.38,0.0,849.7
Hindustan Aeronautics Ltd,Capital Goods,2021-03-01,10866.0,1621,53.0,53022.0,0.0009995850778921956,14.918093134548133,4.617338845271837,Weak,Low Risk,Moderate financial stability observed with balanced financial performance.,17.38,0.0,849.7
Hindustan Aeronautics Ltd,Capital Goods,2022-03-01,11558.0,3102,49.0,60183.0,0.0008141834072744796,26.838553382938223,8.179130277214684,Moderate,Low Risk,Weak operational cash flow detected. Improve liquidity management.,17.38,0.0,849.7
Hindustan Aeronautics Ltd,Capital Goods,2023-03-01,12495.0,2841,2.0,67117.0,2.9798709715869304e-05,22.737094837935174,6.95102698677397,Moderate,Low Risk,Weak operational cash flow detected. Improve liquidity management.,17.38,0.0,849.7
EICHER MOTORS LTD.,Automobile and Auto Components,2020-03-01,2208.0,304,249.0,12450.0,0.02,13.768115942028986,4.393503055701066,Weak,Low Risk,Weak operational cash flow detected. Improve liquidity management.,38.48,0.0,2730.75
EICHER MOTORS LTD.,Automobile and Auto Components,2021-03-01,2940.0,526,219.0,14559.0,0.015042241912219246,17.891156462585034,5.622701015291755,Moderate,Low Risk,Weak operational cash flow detected. Improve liquidity management.,38.48,0.0,2730.75
EICHER MOTORS LTD.,Automobile and Auto Components,2022-03-01,3193.0,610,108.0,16201.0,0.006666255169433985,19.10429063576574,5.9817717287212036,Moderate,Low Risk,Weak operational cash flow detected. Improve liquidity management.,38.48,0.0,2730.75
EICHER MOTORS LTD.,Automobile and Auto Components,2023-03-01,3804.0,906,288.0,19198.0,0.015001562662777372,23.817034700315457,7.405590668454883,Moderate,Low Risk,Weak operational cash flow detected. Improve liquidity management.,38.48,0.0,2730.75
ADANI POWER LTD.,Power,2020-03-01,6172.0,-1313,55123.0,75025.0,0.7347284238587137,-21.27349319507453,-6.50357811513682,Weak,High Risk,High debt dependency detected. Reduce borrowing exposure and improve cash reserves.,21.38,0.0,125.77
ADANI POWER LTD.,Power,2021-03-01,6374.0,13,52430.0,78806.0,0.6653046722330787,0.20395356134295575,-0.018838295224248264,Weak,High Risk,Low profitability observed. Improve operational efficiency and revenue growth.,21.38,0.0,125.77
ADANI POWER LTD.,Power,2022-03-01,10598.0,4645,48744.0,81981.0,0.5945767921835547,43.82902434421589,13.108183279405578,Moderate,Medium Risk,Weak operational cash flow detected. Improve liquidity management.,21.38,0.0,125.77
ADANI POWER LTD.,Power,2023-03-01,10242.0,5242,42350.0,85821.0,0.493468964472565,51.18140988088265,15.366330306290639,Good,Medium Risk,Weak operational cash flow detected. Improve liquidity management.,21.38,0.0,125.77
INDUSIND BANK LTD.,Financial Services,2020-03-01,6947.0,302,262793.0,307058.0,0.8558415673911769,4.347200230315244,1.1583814214123764,Weak,High Risk,High debt dependency detected. Reduce borrowing exposure and improve cash reserves.,13.32,0.0,262.99
INDUSIND BANK LTD.,Financial Services,2021-03-01,6947.0,876,307528.0,362973.0,0.8472475914186455,12.609759608464085,3.6732811595047297,Weak,High Risk,High debt dependency detected. Reduce borrowing exposure and improve cash reserves.,13.32,0.0,262.99
INDUSIND BANK LTD.,Financial Services,2022-03-01,6947.0,1361,341005.0,401975.0,0.8483239007400958,19.591190441917377,5.750970914526827,Moderate,High Risk,High debt dependency detected. Reduce borrowing exposure and improve cash reserves.,13.32,0.0,262.99
INDUSIND BANK LTD.,Financial Services,2023-03-01,6947.0,2041,3503.0,43102.5,0.08127138797053535,29.37958831150137,8.832221137032567,Moderate,Low Risk,Weak operational cash flow detected. Improve liquidity management.,13.32,0.0,262.99
BANK OF BARODA,Financial Services,2020-03-01,6947.0,464,1068981.0,1199935.0,0.8908657552284082,6.679142075716136,1.847453907076077,Weak,High Risk,High debt dependency detected. Reduce borrowing exposure and improve cash reserves.,6.73,0.0,461.15
BANK OF BARODA,Financial Services,2021-03-01,6947.0,-720,1067173.0,1202667.0,0.8873387230214183,-10.364185979559522,-3.2665776460513785,Weak,High Risk,High debt dependency detected. Reduce borrowing exposure and improve cash reserves.,6.73,0.0,461.15
BANK OF BARODA,Financial Services,2022-03-01,6947.0,2053,1185331.0,1340121.0,0.8844955045104136,29.552324744494022,8.710107069939822,Moderate,High Risk,High debt dependency detected. Reduce borrowing exposure and improve cash reserves.,6.73,0.0,461.15
BANK OF BARODA,Financial Services,2023-03-01,6947.0,5315,3503.0,43102.5,0.08127138797053535,76.50784511299842,22.929712155789208,Good,Low Risk,Weak operational cash flow detected. Improve liquidity management.,6.73,0.0,461.15
DABUR INDIA LTD.,Fast Moving Consumer Goods,2020-03-01,1865.0,282,522.0,9337.0,0.05590660811823926,15.120643431635388,4.7661491181700635,Weak,Low Risk,Weak operational cash flow detected. Improve liquidity management.,69.93,0.0,131.52
DABUR INDIA LTD.,Fast Moving Consumer Goods,2021-03-01,2337.0,377,509.0,10833.0,0.046986061109572604,16.131792896876338,5.076526699488452,Moderate,Low Risk,Weak operational cash flow detected. Improve liquidity management.,69.93,0.0,131.52
DABUR INDIA LTD.,Fast Moving Consumer Goods,2022-03-01,2518.0,294,1030.0,12284.0,0.08384890915011398,11.675933280381255,3.7157317913432917,Weak,Low Risk,Weak operational cash flow detected. Improve liquidity management.,69.93,0.0,131.52
DABUR INDIA LTD.,Fast Moving Consumer Goods,2023-03-01,2678.0,293,1174.0,13654.0,0.08598212977881939,10.941000746825988,3.4801616565950355,Weak,Low Risk,Weak operational cash flow detected. Improve liquidity management.,69.93,0.0,131.52
HINDALCO INDUSTRIES LTD.,Metals & Mining,2020-03-01,29318.0,668,68399.0,168618.0,0.40564471171523797,2.2784637424108056,0.7208880415812521,Weak,Medium Risk,Low profitability observed. Improve operational efficiency and revenue growth.,27.93,0.0,374.77
HINDALCO INDUSTRIES LTD.,Metals & Mining,2021-03-01,40507.0,1928,67206.0,188822.0,0.35592250902966815,4.759671167946281,1.4803237376057123,Weak,Medium Risk,Low profitability observed. Improve operational efficiency and revenue growth.,27.93,0.0,374.77
HINDALCO INDUSTRIES LTD.,Metals & Mining,2022-03-01,55764.0,3851,64486.0,221855.0,0.29066732775912196,6.905889104081487,2.134244926442043,Weak,Low Risk,Weak operational cash flow detected. Improve liquidity management.,27.93,0.0,374.77
HINDALCO INDUSTRIES LTD.,Metals & Mining,2023-03-01,55857.0,2411,65926.0,224817.0,0.29324294870939477,4.3163793257783265,1.3795675383314063,Weak,Low Risk,Low profitability observed. Improve operational efficiency and revenue growth.,27.93,0.0,374.77
DIVI'S LABORATORIES LTD.,Healthcare,2020-03-01,1390.0,388,39.0,8531.0,0.00457156253663111,27.913669064748202,8.656892889158371,Moderate,Low Risk,Weak operational cash flow detected. Improve liquidity management.,51.55,0.0,600.47
DIVI'S LABORATORIES LTD.,Healthcare,2021-03-01,1788.0,502,5.0,10771.0,0.00046420945130442855,28.076062639821032,8.716292007060968,Moderate,Low Risk,Weak operational cash flow detected. Improve liquidity management.,51.55,0.0,600.47
DIVI'S LABORATORIES LTD.,Healthcare,2022-03-01,2518.0,895,4.0,13360.0,0.0002994011976047904,35.54408260524225,10.953950829476867,Moderate,Low Risk,Weak operational cash flow detected. Improve liquidity management.,51.55,0.0,600.47
DIVI'S LABORATORIES LTD.,Healthcare,2023-03-01,1951.0,321,3.0,14439.0,0.00020777062123415748,16.45310097385956,5.23412268775313,Moderate,Low Risk,Weak operational cash flow detected. Improve liquidity management.,51.55,0.0,600.47
InterGlobe Aviation Ltd,Services,2020-03-01,8299.0,-873,22719.0,42048.0,0.5403110730593608,-10.519339679479456,-3.1917560514846284,Weak,Medium Risk,Low profitability observed. Improve operational efficiency and revenue growth.,-283.09,0.0,237.59
InterGlobe Aviation Ltd,Services,2021-03-01,6223.0,-1159,29860.0,42974.0,0.6948387397030763,-18.62445765707858,-5.73603651060149,Weak,High Risk,Low profitability observed. Improve operational efficiency and revenue growth.,-283.09,0.0,237.59
InterGlobe Aviation Ltd,Services,2022-03-01,8021.0,-1680,36878.0,45860.0,0.8041430440470999,-20.94501932427378,-6.477337022750952,Weak,High Risk,High debt dependency detected. Reduce borrowing exposure and improve cash reserves.,-283.09,0.0,237.59
InterGlobe Aviation Ltd,Services,2023-03-01,14161.0,916,44854.0,59043.0,0.7596836204122419,6.468469740837511,1.797646760369235,Weak,High Risk,High debt dependency detected. Reduce borrowing exposure and improve cash reserves.,-283.09,0.0,237.59
Adani Total Gas Ltd,"Oil, Gas & Consumable Fuels",2020-03-01,462.0,121,428.0,2476.0,0.172859450726979,26.190476190476193,8.027215555042698,Moderate,Low Risk,Weak operational cash flow detected. Improve liquidity management.,157.79,0.0,94.79
Adani Total Gas Ltd,"Oil, Gas & Consumable Fuels",2021-03-01,584.0,144,529.0,3204.0,0.16510611735330835,24.65753424657534,7.575849537393327,Moderate,Low Risk,Moderate financial stability observed with balanced financial performance.,157.79,0.0,94.79
Adani Total Gas Ltd,"Oil, Gas & Consumable Fuels",2022-03-01,1012.0,81,1035.0,4415.0,0.23442808607021517,8.003952569169961,2.5443341286218826,Weak,Low Risk,Weak operational cash flow detected. Improve liquidity management.,157.79,0.0,94.79
Adani Total Gas Ltd,"Oil, Gas & Consumable Fuels",2023-03-01,1115.0,98,1422.0,5645.0,0.25190434012400353,8.789237668161435,2.767063594513975,Weak,Low Risk,Weak operational cash flow detected. Improve liquidity management.,157.79,0.0,94.79
SHREE CEMENT LTD.,Construction Materials,2020-03-01,3218.0,588,3144.0,19338.0,0.16258144585789636,18.272218769422004,5.688067533815534,Moderate,Low Risk,Weak operational cash flow detected. Improve liquidity management.,67.89,0.0,1513.89
SHREE CEMENT LTD.,Construction Materials,2021-03-01,3958.0,768,2156.0,21039.0,0.10247635343885166,19.403739262253662,6.056484676152214,Moderate,Low Risk,Weak operational cash flow detected. Improve liquidity management.,67.89,0.0,1513.89
SHREE CEMENT LTD.,Construction Materials,2022-03-01,4099.0,645,2209.0,23415.0,0.09434123425154815,15.735545254940227,4.945873911737247,Weak,Low Risk,Weak operational cash flow detected. Improve liquidity management.,67.89,0.0,1513.89
SHREE CEMENT LTD.,Construction Materials,2023-03-01,4785.0,546,2811.0,25819.0,0.10887331035284094,11.410658307210031,3.634445023051115,Weak,Low Risk,Weak operational cash flow detected. Improve liquidity management.,67.89,0.0,1513.89
Cholamandalam Investment and Finance Company Ltd,Financial Services,2020-03-01,6947.0,42,55005.0,64058.0,0.8586749508258141,0.6045775154743055,0.04079440422548186,Weak,High Risk,High debt dependency detected. Reduce borrowing exposure and improve cash reserves.,13.84,0.0,186.59
Cholamandalam Investment and Finance Company Ltd,Financial Services,2021-03-01,6947.0,245,63730.0,74644.0,0.8537859707411178,3.526702173600115,0.901470273750899,Weak,High Risk,High debt dependency detected. Reduce borrowing exposure and improve cash reserves.,13.84,0.0,186.59
Cholamandalam Investment and Finance Company Ltd,Financial Services,2022-03-01,6947.0,687,69174.0,82478.0,0.8386963796406315,9.889160788829711,2.8277111600951654,Weak,High Risk,High debt dependency detected. Reduce borrowing exposure and improve cash reserves.,13.84,0.0,186.59
Cholamandalam Investment and Finance Company Ltd,Financial Services,2023-03-01,6947.0,855,97358.0,113627.0,0.856821002050569,12.307470850726933,3.5106118889583,Weak,High Risk,High debt dependency detected. Reduce borrowing exposure and improve cash reserves.,13.84,0.0,186.59
SBI Cards and Payment Services Ltd,Financial Services,2020-03-01,6947.0,84,17573.0,25307.0,0.6943928557316158,1.209155030948611,0.2439414355895582,Weak,High Risk,Low profitability observed. Improve operational efficiency and revenue growth.,0.0,0.0,0.0
SBI Cards and Payment Services Ltd,Financial Services,2021-03-01,6947.0,175,17895.0,27013.0,0.6624588161255691,2.5190729811429393,0.6879026961790347,Weak,High Risk,Low profitability observed. Improve operational efficiency and revenue growth.,0.0,0.0,0.0
SBI Cards and Payment Services Ltd,Financial Services,2022-03-01,6947.0,581,22982.0,34648.0,0.6632994689448164,8.363322297394559,2.409954897484357,Weak,High Risk,Weak operational cash flow detected. Improve liquidity management.,0.0,0.0,0.0
SBI Cards and Payment Services Ltd,Financial Services,2023-03-01,6947.0,596,31110.0,45546.0,0.6830457120274008,8.579242838635382,2.4663869121008677,Weak,High Risk,Weak operational cash flow detected. Improve liquidity management.,0.0,0.0,0.0
AMBUJA CEMENTS LTD.,Construction Materials,2020-12-01,7453.0,968,471.0,39718.0,0.011858603152223174,12.988058499932913,4.087268045976651,Weak,Low Risk,Weak operational cash flow detected. Improve liquidity management.,40.99,0.0,126.51
AMBUJA CEMENTS LTD.,Construction Materials,2021-12-01,7625.0,431,477.0,45204.0,0.01055216352535174,5.6524590163934425,1.882745491839544,Weak,Low Risk,Weak operational cash flow detected. Improve liquidity management.,40.99,0.0,126.51
ABB India Limited,Capital Goods,2020-12-01,1701.0,58,58.0,7590.0,0.007641633728590251,3.409758965314521,1.1706483747063456,Weak,Low Risk,Low profitability observed. Improve operational efficiency and revenue growth.,95.58,0.0,577.84
ABB India Limited,Capital Goods,2021-12-01,2102.0,188,37.0,8073.0,0.004583178496221974,8.943862987630828,2.847100429795999,Weak,Low Risk,Weak operational cash flow detected. Improve liquidity management.,95.58,0.0,577.84
ABB India Limited,Capital Goods,2022-12-01,2427.0,305,33.0,9318.0,0.0035415325177076628,12.566955088586731,3.9429669730237547,Weak,Low Risk,Weak operational cash flow detected. Improve liquidity management.,95.58,0.0,577.84
HAVELLS INDIA LTD.,Consumer Durables,2020-03-01,2217.0,178,72.0,7073.0,0.010179556058249682,8.028867839422643,2.61022970005244,Weak,Low Risk,Weak operational cash flow detected. Improve liquidity management.,75.1,0.0,577.35
HAVELLS INDIA LTD.,Consumer Durables,2021-03-01,3339.0,304,521.0,8852.0,0.05885675553547221,9.104522312069482,2.907813991406656,Weak,Low Risk,Weak operational cash flow detected. Improve liquidity management.,75.1,0.0,577.35
HAVELLS INDIA LTD.,Consumer Durables,2022-03-01,4426.0,352,438.0,10523.0,0.041623111280053214,7.953004970628107,2.5797625574242957,Weak,Low Risk,Weak operational cash flow detected. Improve liquidity management.,75.1,0.0,577.35
HAVELLS INDIA LTD.,Consumer Durables,2023-03-01,4859.0,358,223.0,11157.0,0.019987451823967016,7.367771146326405,2.3929341941264775,Weak,Low Risk,Weak operational cash flow detected. Improve liquidity management.,75.1,0.0,577.35
BHARAT ELECTRONICS LTD.,Capital Goods,2020-03-01,5817.0,1047,8.0,24351.0,0.000328528602521457,17.998968540484785,5.541812035596218,Moderate,Low Risk,Weak operational cash flow detected. Improve liquidity management.,26.91,0.0,186.78
BHARAT ELECTRONICS LTD.,Capital Goods,2021-03-01,6917.0,1368,3.0,29492.0,0.00010172250101722501,19.777360127222785,6.077748930612244,Moderate,Low Risk,Weak operational cash flow detected. Improve liquidity management.,26.91,0.0,186.78
BHARAT ELECTRONICS LTD.,Capital Goods,2022-03-01,6340.0,1155,53.0,33912.0,0.0015628686010851615,18.217665615141957,5.596327049487149,Moderate,Low Risk,Weak operational cash flow detected. Improve liquidity management.,26.91,0.0,186.78
BHARAT ELECTRONICS LTD.,Capital Goods,2023-03-01,6479.0,1382,0.0,35491.0,0.0,21.33045223028245,6.521642783564461,Moderate,Low Risk,Weak operational cash flow detected. Improve liquidity management.,26.91,0.0,186.78
BHARAT PETROLEUM CORPORATION LTD.,"Oil, Gas & Consumable Fuels",2020-03-01,68998.0,-1820,65476.0,150860.0,0.4340182951080472,-2.6377576161627876,-0.798946932204,Weak,Medium Risk,Low profitability observed. Improve operational efficiency and revenue growth.,42.9,0.0,304.2
BHARAT PETROLEUM CORPORATION LTD.,"Oil, Gas & Consumable Fuels",2021-03-01,76688.0,10642,54532.0,160978.0,0.33875436395035347,13.877008136866264,4.220397226682759,Weak,Medium Risk,Weak operational cash flow detected. Improve liquidity management.,42.9,0.0,304.2
BHARAT PETROLEUM CORPORATION LTD.,"Oil, Gas & Consumable Fuels",2022-03-01,104080.0,2803,64534.0,187529.0,0.3441281081859339,2.693120676402767,0.8404282441517864,Weak,Medium Risk,Low profitability observed. Improve operational efficiency and revenue growth.,42.9,0.0,304.2
BHARAT PETROLEUM CORPORATION LTD.,"Oil, Gas & Consumable Fuels",2023-03-01,118115.0,6870,69376.0,188109.0,0.36880744674630134,5.816365406595268,1.7663647357689891,Weak,Medium Risk,Weak operational cash flow detected. Improve liquidity management.,42.9,0.0,304.2
BAJAJ HOLDINGS & INVESTMENT LTD.,Financial Services,2020-03-01,110.0,414,168.0,32729.0,0.005133062421705521,376.3636363636364,113.17326030015083,Excellent,Low Risk,Weak operational cash flow detected. Improve liquidity management.,81.57,0.0,54.47
BAJAJ HOLDINGS & INVESTMENT LTD.,Financial Services,2021-03-01,92.0,950,136.0,45490.0,0.002989668058914047,1032.6086956521738,310.0275856136561,Excellent,Low Risk,Weak operational cash flow detected. Improve liquidity management.,81.57,0.0,54.47
BAJAJ HOLDINGS & INVESTMENT LTD.,Financial Services,2022-03-01,89.0,1106,114.0,53588.0,0.0021273419422258716,1242.6966292134832,373.05379170500186,Excellent,Low Risk,Weak operational cash flow detected. Improve liquidity management.,81.57,0.0,54.47
BAJAJ HOLDINGS & INVESTMENT LTD.,Financial Services,2023-03-01,87.0,1353,93.0,53188.0,0.0017485147025644882,1555.1724137931035,466.80644888787464,Excellent,Low Risk,Weak operational cash flow detected. Improve liquidity management.,81.57,0.0,54.47
CIPLA LTD.,Healthcare,2020-03-01,4376.0,238,2816.0,23423.0,0.12022371173632754,5.4387568555758685,1.8336080155593248,Weak,Low Risk,Weak operational cash flow detected. Improve liquidity management.,30.54,0.0,220.21
CIPLA LTD.,Healthcare,2021-03-01,4606.0,412,2014.0,24855.0,0.08102997384832025,8.944854537559705,2.9167172745650345,Weak,Low Risk,Weak operational cash flow detected. Improve liquidity management.,30.54,0.0,220.21
CIPLA LTD.,Healthcare,2022-03-01,5260.0,371,1056.0,26857.0,0.03931935808169192,7.053231939163498,2.3638751557148687,Weak,Low Risk,Weak operational cash flow detected. Improve liquidity management.,30.54,0.0,220.21
CIPLA LTD.,Healthcare,2023-03-01,5739.0,522,803.0,29463.0,0.027254522621593183,9.09566126502875,2.9819244596769714,Weak,Low Risk,Weak operational cash flow detected. Improve liquidity management.,30.54,0.0,220.21
DR.REDDY'S LABORATORIES LTD.,Healthcare,2020-03-01,4449.0,781,2210.0,23223.0,0.09516427679455712,17.55450663070353,5.4734570144016015,Moderate,Low Risk,Weak operational cash flow detected. Improve liquidity management.,28.87,0.0,807.2
DR.REDDY'S LABORATORIES LTD.,Healthcare,2021-03-01,4768.0,557,3031.0,26588.0,0.1139987964495261,11.682046979865772,3.706780484812748,Weak,Low Risk,Weak operational cash flow detected. Improve liquidity management.,28.87,0.0,807.2
DR.REDDY'S LABORATORIES LTD.,Healthcare,2022-03-01,5475.0,97,3384.0,29746.0,0.11376319505143549,1.771689497716895,0.7205776487502867,Weak,Low Risk,Low profitability observed. Improve operational efficiency and revenue growth.,28.87,0.0,807.2
DR.REDDY'S LABORATORIES LTD.,Healthcare,2023-03-01,6315.0,960,1347.0,32285.0,0.0417221619947344,15.201900237529692,4.804308649546038,Weak,Low Risk,Weak operational cash flow detected. Improve liquidity management.,28.87,0.0,807.2
SRF LTD.,Chemicals,2020-03-01,1858.0,186,4135.0,10862.0,0.380684956729884,10.010764262648008,3.0857463106485725,Weak,Medium Risk,Weak operational cash flow detected. Improve liquidity management.,36.85,7.68,6.28
SRF LTD.,Chemicals,2021-03-01,2608.0,381,3469.0,12911.0,0.2686856169158082,14.608895705521471,4.5142929080780965,Weak,Low Risk,Weak operational cash flow detected. Improve liquidity management.,36.85,7.68,6.28
SRF LTD.,Chemicals,2022-03-01,3549.0,606,3655.0,15765.0,0.23184268950206152,17.075232459847843,5.260254482641952,Moderate,Low Risk,Weak operational cash flow detected. Improve liquidity management.,36.85,7.68,6.28
SRF LTD.,Chemicals,2023-03-01,3778.0,562,4478.0,18755.0,0.23876299653425753,14.875595553202754,4.606309697685699,Weak,Low Risk,Weak operational cash flow detected. Improve liquidity management.,36.85,7.68,6.28
Tata Consumer Products Ltd,Fast Moving Consumer Goods,2020-03-01,2405.0,-122,1586.0,18473.0,0.08585503166783955,-5.072765072765073,-1.3044257433419995,Weak,Low Risk,Low profitability observed. Improve operational efficiency and revenue growth.,77.2,0.0,269.6
Tata Consumer Products Ltd,Fast Moving Consumer Goods,2021-03-01,3037.0,74,1634.0,20218.0,0.08081907211395786,2.4366150806717153,0.9454963453509854,Weak,Low Risk,Low profitability observed. Improve operational efficiency and revenue growth.,77.2,0.0,269.6
Tata Consumer Products Ltd,Fast Moving Consumer Goods,2022-03-01,3175.0,239,1412.0,21075.0,0.0669988137603796,7.52755905511811,2.4734895433444484,Weak,Low Risk,Weak operational cash flow detected. Improve liquidity management.,77.2,0.0,269.6
Tata Consumer Products Ltd,Fast Moving Consumer Goods,2023-03-01,3619.0,290,1600.0,22762.0,0.07029259291802126,8.013263332412269,2.6160605391314657,Weak,Low Risk,Weak operational cash flow detected. Improve liquidity management.,77.2,0.0,269.6
GAIL (INDIA) LTD.,"Oil, Gas & Consumable Fuels",2020-03-01,17923.0,4814,6912.0,74934.0,0.09224117223156378,26.859342743960273,8.240817209181088,Moderate,Low Risk,Weak operational cash flow detected. Improve liquidity management.,13.21,0.0,9.18
GAIL (INDIA) LTD.,"Oil, Gas & Consumable Fuels",2021-03-01,15738.0,2535,7873.0,81030.0,0.09716154510675058,16.107510484178423,5.015476642723599,Moderate,Low Risk,Weak operational cash flow detected. Improve liquidity management.,13.21,0.0,9.18
GAIL (INDIA) LTD.,"Oil, Gas & Consumable Fuels",2022-03-01,27328.0,3474,9216.0,96584.0,0.0954195311852895,12.712236533957846,3.99987985607073,Weak,Low Risk,Weak operational cash flow detected. Improve liquidity management.,13.21,0.0,9.18
GAIL (INDIA) LTD.,"Oil, Gas & Consumable Fuels",2023-03-01,33264.0,643,17816.0,107781.0,0.16529815088002522,1.9330206830206829,0.7152120565869279,Weak,Low Risk,Low profitability observed. Improve operational efficiency and revenue growth.,13.21,0.0,9.18
MARICO LTD.,Fast Moving Consumer Goods,2020-03-01,1496.0,199,338.0,4964.0,0.06809024979854955,13.302139037433156,4.20083510365541,Weak,Low Risk,Moderate financial stability observed with balanced financial performance.,59.68,0.0,158.14
MARICO LTD.,Fast Moving Consumer Goods,2021-03-01,2012.0,227,511.0,5426.0,0.0941761887209731,11.282306163021868,3.6118389185711384,Weak,Low Risk,Moderate financial stability observed with balanced financial performance.,59.68,0.0,158.14
MARICO LTD.,Fast Moving Consumer Goods,2022-03-01,2161.0,257,479.0,5677.0,0.08437555046679585,11.892642295233689,3.756818582528183,Weak,Low Risk,Weak operational cash flow detected. Improve liquidity management.,59.68,0.0,158.14
MARICO LTD.,Fast Moving Consumer Goods,2023-03-01,2240.0,305,608.0,6946.0,0.08753239274402534,13.616071428571427,4.266681491917239,Weak,Low Risk,Moderate financial stability observed with balanced financial performance.,59.68,0.0,158.14
TATA POWER CO.LTD.,Power,2020-03-01,6621.0,475,51936.0,89674.0,0.579164529295002,7.174142878719227,2.117412254966661,Weak,Medium Risk,Weak operational cash flow detected. Improve liquidity management.,20.73,0.0,44.4
TATA POWER CO.LTD.,Power,2021-03-01,10363.0,481,46708.0,98655.0,0.47344787390400894,4.641513075364276,1.3815908137957407,Weak,Medium Risk,Low profitability observed. Improve operational efficiency and revenue growth.,20.73,0.0,44.4
TATA POWER CO.LTD.,Power,2022-03-01,11960.0,632,51195.0,112550.0,0.4548645046645935,5.2842809364548495,1.5651705537041136,Weak,Medium Risk,Weak operational cash flow detected. Improve liquidity management.,20.73,0.0,44.4
TATA POWER CO.LTD.,Power,2023-03-01,12454.0,939,52923.0,128349.0,0.41233667578243693,7.5397462662598365,2.2571525143043973,Weak,Medium Risk,Weak operational cash flow detected. Improve liquidity management.,20.73,0.0,44.4
APOLLO HOSPITALS ENTERPRISE LTD.,Healthcare,2020-03-01,2922.0,210,3596.0,11289.0,0.31854017184870226,7.186858316221765,2.202155466343188,Weak,Medium Risk,Weak operational cash flow detected. Improve liquidity management.,65.53,0.0,0.0
APOLLO HOSPITALS ENTERPRISE LTD.,Healthcare,2021-03-01,2868.0,170,4160.0,11392.0,0.3651685393258427,5.92747559274756,1.8467381132175265,Weak,Medium Risk,Weak operational cash flow detected. Improve liquidity management.,65.53,0.0,0.0
APOLLO HOSPITALS ENTERPRISE LTD.,Healthcare,2022-03-01,3546.0,97,4068.0,13184.0,0.30855582524271846,2.7354765933446137,0.9099406114985297,Weak,Medium Risk,Low profitability observed. Improve operational efficiency and revenue growth.,65.53,0.0,0.0
ICICI Prudential Life Insurance Company Ltd,Financial Services,2020-03-01,-8338.0,179,0.0,156031.0,0.0,-2.146797793235788,-0.6224000483423934,Weak,Low Risk,Low profitability observed. Improve operational efficiency and revenue growth.,0.0,0.0,0.0
ICICI Prudential Life Insurance Company Ltd,Financial Services,2021-03-01,19282.0,63,1200.0,217220.0,0.005524353190313968,0.3267295923659372,0.11838026248098087,Weak,Low Risk,Low profitability observed. Improve operational efficiency and revenue growth.,0.0,0.0,0.0
ICICI Prudential Life Insurance Company Ltd,Financial Services,2022-03-01,13003.0,187,1200.0,244437.0,0.004909240417776359,1.4381296623856032,0.44490085414796005,Weak,Low Risk,Low profitability observed. Improve operational efficiency and revenue growth.,0.0,0.0,0.0
ICICI Prudential Life Insurance Company Ltd,Financial Services,2023-03-01,10984.0,235,1200.0,255851.0,0.004690229860348406,2.1394756008739986,0.6511187823685036,Weak,Low Risk,Low profitability observed. Improve operational efficiency and revenue growth.,0.0,0.0,0.0
BERGER PAINTS INDIA LTD.,Consumer Durables,2020-03-01,1355.0,103,767.0,4900.0,0.15653061224489795,7.601476014760148,2.435646886060697,Weak,Low Risk,Weak operational cash flow detected. Improve liquidity management.,75.89,0.0,201.99
BERGER PAINTS INDIA LTD.,Consumer Durables,2021-03-01,2026.0,209,634.0,5918.0,0.1071307874281852,10.31589338598223,3.26651522769058,Weak,Low Risk,Weak operational cash flow detected. Improve liquidity management.,75.89,0.0,201.99
BERGER PAINTS INDIA LTD.,Consumer Durables,2022-03-01,2188.0,220,1014.0,7211.0,0.14061849951463043,10.054844606946983,3.1633678183620035,Weak,Low Risk,Weak operational cash flow detected. Improve liquidity management.,75.89,0.0,201.99
BERGER PAINTS INDIA LTD.,Consumer Durables,2023-03-01,2444.0,186,1189.0,7967.0,0.14924061754738296,7.610474631751228,2.4433658111395262,Weak,Low Risk,Weak operational cash flow detected. Improve liquidity management.,75.89,0.0,201.99
UNITED SPIRITS LTD.,Fast Moving Consumer Goods,2020-03-01,1990.0,49,2570.0,8844.0,0.2905924920850294,2.4623115577889445,0.8198219160024454,Weak,Low Risk,Low profitability observed. Improve operational efficiency and revenue growth.,57.38,0.0,140.21
UNITED SPIRITS LTD.,Fast Moving Consumer Goods,2021-03-01,2230.0,203,1037.0,8511.0,0.1218423217013277,9.103139013452914,2.8893719707495387,Weak,Low Risk,Moderate financial stability observed with balanced financial performance.,57.38,0.0,140.21
UNITED SPIRITS LTD.,Fast Moving Consumer Goods,2022-03-01,2536.0,179,605.0,8863.0,0.06826131106848697,7.058359621451105,2.2886463271438955,Weak,Low Risk,Weak operational cash flow detected. Improve liquidity management.,57.38,0.0,140.21
UNITED SPIRITS LTD.,Fast Moving Consumer Goods,2023-03-01,2503.0,103,183.0,9762.0,0.018746158574062692,4.115061925689173,1.4232708825623146,Weak,Low Risk,Low profitability observed. Improve operational efficiency and revenue growth.,57.38,0.0,140.21
TVS MOTOR COMPANY LTD.,Automobile and Auto Components,2020-03-01,4105.0,82,11591.0,19272.0,0.601442507264425,1.9975639464068211,0.5332096156364505,Weak,High Risk,Low profitability observed. Improve operational efficiency and revenue growth.,41.17,0.0,863.54
TVS MOTOR COMPANY LTD.,Automobile and Auto Components,2021-03-01,6132.0,319,12179.0,21865.0,0.5570089183626801,5.20221787345075,1.5116418084107106,Weak,Medium Risk,Weak operational cash flow detected. Improve liquidity management.,41.17,0.0,863.54
TVS MOTOR COMPANY LTD.,Automobile and Auto Components,2022-03-01,6585.0,275,15827.0,26865.0,0.5891308393820957,4.176157934700076,1.1720061371567192,Weak,Medium Risk,Low profitability observed. Improve operational efficiency and revenue growth.,41.17,0.0,863.54
TVS MOTOR COMPANY LTD.,Automobile and Auto Components,2023-03-01,8031.0,336,13312.0,35233.0,0.37782760480231603,4.183787822189018,1.2010308205873952,Weak,Medium Risk,Low profitability observed. Improve operational efficiency and revenue growth.,41.17,0.0,863.54
Adani Wilmar Ltd,Fast Moving Consumer Goods,2021-03-01,10672.0,295,3051.0,13076.0,0.23332823493423066,2.7642428785607196,0.8616680914666557,Weak,Low Risk,Low profitability observed. Improve operational efficiency and revenue growth.,96.43,0.0,75.17
Adani Wilmar Ltd,Fast Moving Consumer Goods,2022-03-01,14230.0,223,2626.0,20251.0,0.12967260876006123,1.567111735769501,0.5629684424631104,Weak,Low Risk,Low profitability observed. Improve operational efficiency and revenue growth.,96.43,0.0,75.17
Adani Wilmar Ltd,Fast Moving Consumer Goods,2023-03-01,13122.0,98,2259.0,19619.0,0.11514348335796931,0.7468373723517756,0.3264213630893953,Weak,Low Risk,Low profitability observed. Improve operational efficiency and revenue growth.,96.43,0.0,75.17
IDBI BANK LTD.,Financial Services,2020-03-01,6947.0,166,258963.0,300699.0,0.861203396087117,2.3895206563984455,0.5691520143316302,Weak,High Risk,High debt dependency detected. Reduce borrowing exposure and improve cash reserves.,16.12,1.3,3.05
IDBI BANK LTD.,Financial Services,2021-03-01,6947.0,631,246568.0,298653.0,0.8256002785841763,9.083057434863969,2.593634437384954,Weak,High Risk,High debt dependency detected. Reduce borrowing exposure and improve cash reserves.,16.12,1.3,3.05
IDBI BANK LTD.,Financial Services,2022-03-01,6947.0,740,247195.0,302356.0,0.8175627406104062,10.652080034547287,3.061081616629648,Weak,High Risk,High debt dependency detected. Reduce borrowing exposure and improve cash reserves.,16.12,1.3,3.05
IDBI BANK LTD.,Financial Services,2023-03-01,6947.0,1223,3503.0,43102.5,0.08127138797053535,17.6047214625018,5.345405766515752,Moderate,Low Risk,Weak operational cash flow detected. Improve liquidity management.,16.12,1.3,3.05
TORRENT PHARMACEUTICALS LTD.,Healthcare,2020-03-01,1946.0,314,5784.0,14010.0,0.41284796573875804,16.135662898252825,4.879492588248153,Weak,Medium Risk,Weak operational cash flow detected. Improve liquidity management.,54.93,7.86,3.43
TORRENT PHARMACEUTICALS LTD.,Healthcare,2021-03-01,1937.0,324,4874.0,14075.0,0.3462877442273535,16.726897263810013,5.0999235308303925,Moderate,Medium Risk,Weak operational cash flow detected. Improve liquidity management.,54.93,7.86,3.43
TORRENT PHARMACEUTICALS LTD.,Healthcare,2022-03-01,2131.0,-118,4070.0,12906.0,0.3153571982023865,-5.537306428906617,-1.5599212018782456,Weak,Medium Risk,Low profitability observed. Improve operational efficiency and revenue growth.,54.93,7.86,3.43
CG Power and Industrial Solutions Ltd,Capital Goods,2020-03-01,616.0,-288,2757.0,4617.0,0.5971410006497726,-46.75324675324675,-14.25064372491273,Weak,Medium Risk,Low profitability observed. Improve operational efficiency and revenue growth.,75.16,0.0,78.65
CG Power and Industrial Solutions Ltd,Capital Goods,2021-03-01,1118.0,993,1484.0,4397.0,0.33750284284739596,88.81932021466905,26.540747167425504,Excellent,Medium Risk,Weak operational cash flow detected. Improve liquidity management.,75.16,0.0,78.65
CG Power and Industrial Solutions Ltd,Capital Goods,2022-03-01,1485.0,112,367.0,4222.0,0.08692562766461392,7.5420875420875415,2.3177423213661963,Weak,Low Risk,Weak operational cash flow detected. Improve liquidity management.,75.16,0.0,78.65
CG Power and Industrial Solutions Ltd,Capital Goods,2023-03-01,1903.0,426,16.0,4629.0,0.0034564700799308706,22.385706778770363,6.85217779297438,Moderate,Low Risk,Moderate financial stability observed with balanced financial performance.,75.16,0.0,78.65
BOSCH LTD.,Automobile and Auto Components,2020-03-01,2237.0,81,74.0,13320.0,0.005555555555555556,3.6209208761734466,1.313333319909091,Weak,Low Risk,Low profitability observed. Improve operational efficiency and revenue growth.,39.22,0.0,1352.82
BOSCH LTD.,Automobile and Auto Components,2021-03-01,3218.0,482,54.0,14774.0,0.003655069717070529,14.97824735860783,4.702902933722865,Weak,Low Risk,Weak operational cash flow detected. Improve liquidity management.,39.22,0.0,1352.82
BOSCH LTD.,Automobile and Auto Components,2022-03-01,3311.0,351,73.0,15410.0,0.004737183646982479,10.601026880096647,3.390366467662998,Weak,Low Risk,Weak operational cash flow detected. Improve liquidity management.,39.22,0.0,1352.82
BOSCH LTD.,Automobile and Auto Components,2023-03-01,4063.0,399,53.0,16259.0,0.0032597330709145706,9.820329805562391,3.1630311023182034,Weak,Low Risk,Weak operational cash flow detected. Improve liquidity management.,39.22,0.0,1352.82
Zomato Ltd,Consumer Services,2021-03-01,692.0,-134,72.0,8704.0,0.008272058823529412,-19.36416184971098,-5.5708294372662355,Weak,Low Risk,Low profitability observed. Improve operational efficiency and revenue growth.,480.64,0.0,21.72
Zomato Ltd,Consumer Services,2022-03-01,1212.0,-360,70.0,17327.0,0.004039937669533099,-29.7029702970297,-8.647158186702262,Weak,Low Risk,Low profitability observed. Improve operational efficiency and revenue growth.,480.64,0.0,21.72
Zomato Ltd,Consumer Services,2023-03-01,2056.0,-188,507.0,21599.0,0.023473308949488403,-9.14396887159533,-2.470303027791854,Weak,Low Risk,Low profitability observed. Improve operational efficiency and revenue growth.,480.64,0.0,21.72
Samvardhana Motherson International Ltd,Automobile and Auto Components,2020-03-01,991.0,386,1512.0,9203.0,0.16429425187438879,38.95055499495459,11.868095978003927,Moderate,Low Risk,Weak operational cash flow detected. Improve liquidity management.,51.45,0.0,0.0
Samvardhana Motherson International Ltd,Automobile and Auto Components,2021-03-01,1269.0,245,4852.0,13543.0,0.35826626301410325,19.30654058313633,5.8676987178043705,Moderate,Medium Risk,Weak operational cash flow detected. Improve liquidity management.,51.45,0.0,0.0
Samvardhana Motherson International Ltd,Automobile and Auto Components,2022-03-01,1697.0,397,5416.0,37755.0,0.14345119851675275,23.39422510312316,7.233711842948602,Moderate,Low Risk,Weak operational cash flow detected. Improve liquidity management.,51.45,0.0,0.0
Samvardhana Motherson International Ltd,Automobile and Auto Components,2023-03-01,2067.0,106,5767.0,38739.0,0.1488680657735099,5.128205128205128,1.7574682242304018,Weak,Low Risk,Weak operational cash flow detected. Improve liquidity management.,51.45,0.0,0.0
PUNJAB NATIONAL BANK,Financial Services,2020-03-01,6947.0,-795,772767.0,851457.0,0.9075819448310367,-11.44378868576364,-3.59562666688309,Weak,High Risk,High debt dependency detected. Reduce borrowing exposure and improve cash reserves.,22.09,0.0,52.61
PUNJAB NATIONAL BANK,Financial Services,2021-03-01,6947.0,715,1166015.0,1279725.0,0.9111449725526969,10.29221246581258,2.9314729174968073,Weak,High Risk,High debt dependency detected. Reduce borrowing exposure and improve cash reserves.,22.09,0.0,52.61
PUNJAB NATIONAL BANK,Financial Services,2022-03-01,6947.0,348,1213606.0,1339301.0,0.9061488044883115,5.009356556787102,1.345918560322479,Weak,High Risk,High debt dependency detected. Reduce borrowing exposure and improve cash reserves.,22.09,0.0,52.61
PUNJAB NATIONAL BANK,Financial Services,2023-03-01,6947.0,1876,3503.0,43102.5,0.08127138797053535,27.00446235785231,8.282226126878921,Moderate,Low Risk,Moderate financial stability observed with balanced financial performance.,22.09,0.0,52.61
HERO MOTOCORP LTD.,Automobile and Auto Components,2020-03-01,6334.0,614,453.0,19674.0,0.023025312595303445,9.693716450899906,3.178664899690018,Weak,Low Risk,Moderate financial stability observed with balanced financial performance.,18.85,0.0,2148.94
HERO MOTOCORP LTD.,Automobile and Auto Components,2021-03-01,8690.0,885,584.0,23096.0,0.025285763768617943,10.184119677790564,3.2854922247781113,Weak,Low Risk,Weak operational cash flow detected. Improve liquidity management.,18.85,0.0,2148.94
HERO MOTOCORP LTD.,Automobile and Auto Components,2022-03-01,7497.0,621,605.0,22478.0,0.02691520597917964,8.28331332533013,2.7092977612790823,Weak,Low Risk,Weak operational cash flow detected. Improve liquidity management.,18.85,0.0,2148.94
HERO MOTOCORP LTD.,Automobile and Auto Components,2023-03-01,8434.0,811,568.0,23917.0,0.02374879792616131,9.6158406450083,3.110282151273113,Weak,Low Risk,Weak operational cash flow detected. Improve liquidity management.,18.85,0.0,2148.94
CANARA BANK,Financial Services,2020-03-01,6947.0,-3207,668170.0,741440.0,0.9011787872248598,-46.16381171728804,-14.014550021444505,Weak,High Risk,High debt dependency detected. Reduce borrowing exposure and improve cash reserves.,5.25,0.0,175.0
CANARA BANK,Financial Services,2021-03-01,6947.0,1224,1060998.0,1179540.0,0.8995015005849738,17.619116165251185,5.131312701958489,Moderate,High Risk,High debt dependency detected. Reduce borrowing exposure and improve cash reserves.,5.25,0.0,175.0
CANARA BANK,Financial Services,2022-03-01,6947.0,2061,1132626.0,1257664.0,0.9005791689990331,29.667482366489136,8.736530633691078,Moderate,High Risk,High debt dependency detected. Reduce borrowing exposure and improve cash reserves.,5.25,0.0,175.0
CANARA BANK,Financial Services,2023-03-01,6947.0,3364,3503.0,43102.5,0.08127138797053535,48.42378004894199,14.417690246919705,Moderate,Low Risk,Weak operational cash flow detected. Improve liquidity management.,5.25,0.0,175.0
Max Healthcare Institute Ltd,Healthcare,2020-03-01,248.0,53,875.0,3974.0,0.22018117765475592,21.370967741935484,6.5233185057713845,Moderate,Low Risk,Weak operational cash flow detected. Improve liquidity management.,75.69,0.0,13.02
Max Healthcare Institute Ltd,Healthcare,2021-03-01,802.0,70,1101.0,8543.0,0.12887744352101135,8.728179551122196,2.759540134797035,Weak,Low Risk,Weak operational cash flow detected. Improve liquidity management.,75.69,0.0,13.02
Max Healthcare Institute Ltd,Healthcare,2022-03-01,937.0,124,913.0,9189.0,0.0993579279573403,13.233724653148347,4.139983540247475,Weak,Low Risk,Weak operational cash flow detected. Improve liquidity management.,75.69,0.0,13.02
Max Healthcare Institute Ltd,Healthcare,2023-03-01,1215.0,251,689.0,10102.0,0.06820431597703425,20.658436213991767,6.399045415771475,Moderate,Low Risk,Weak operational cash flow detected. Improve liquidity management.,75.69,0.0,13.02
INDIAN HOTELS CO.LTD.,Consumer Services,2020-03-01,1063.0,76,4501.0,11442.0,0.39337528404125155,7.149576669802446,2.1917004786544205,Weak,Medium Risk,Weak operational cash flow detected. Improve liquidity management.,64.63,0.0,210.46
INDIAN HOTELS CO.LTD.,Consumer Services,2021-03-01,615.0,-98,5518.0,11435.0,0.4825535636204635,-15.934959349593496,-4.789967472564975,Weak,Medium Risk,Low profitability observed. Improve operational efficiency and revenue growth.,64.63,0.0,210.46
INDIAN HOTELS CO.LTD.,Consumer Services,2022-03-01,872.0,72,3888.0,13002.0,0.2990309183202584,8.256880733944955,2.5872626511941004,Weak,Low Risk,Weak operational cash flow detected. Improve liquidity management.,64.63,0.0,210.46
INDIAN HOTELS CO.LTD.,Consumer Services,2023-03-01,1625.0,339,3139.0,13669.0,0.22964371936498645,20.861538461538462,6.40828961659454,Moderate,Low Risk,Weak operational cash flow detected. Improve liquidity management.,64.63,0.0,210.46
TRENT LTD.,Consumer Services,2020-03-01,843.0,3,300.0,5507.0,0.05447612130016343,0.3558718861209964,0.23710476540048994,Weak,Low Risk,Low profitability observed. Improve operational efficiency and revenue growth.,98.12,0.0,295.72
TRENT LTD.,Consumer Services,2021-03-01,906.0,17,300.0,5724.0,0.05241090146750524,1.8763796909492272,0.6817294209116025,Weak,Low Risk,Low profitability observed. Improve operational efficiency and revenue growth.,98.12,0.0,295.72
TRENT LTD.,Consumer Services,2022-03-01,1329.0,-21,4725.0,7726.0,0.6115713176287859,-1.580135440180587,-0.5044574065817453,Weak,High Risk,Low profitability observed. Improve operational efficiency and revenue growth.,98.12,0.0,295.72
TRENT LTD.,Consumer Services,2023-03-01,2183.0,45,4464.0,8082.0,0.5523385300668151,2.0613834173156205,0.617697381047198,Weak,Medium Risk,Low profitability observed. Improve operational efficiency and revenue growth.,98.12,0.0,295.72
ICICI Lombard General Insurance Company Ltd,Financial Services,2020-03-01,2882.0,282,485.0,37042.0,0.013093245505102316,9.784871616932685,2.997380387946821,Weak,Low Risk,Weak operational cash flow detected. Improve liquidity management.,0.0,0.0,0.0
ICICI Lombard General Insurance Company Ltd,Financial Services,2021-03-01,3163.0,346,485.0,39298.0,0.012341594992111559,10.938981979133734,3.3427918505979752,Weak,Low Risk,Weak operational cash flow detected. Improve liquidity management.,0.0,0.0,0.0
ICICI Lombard General Insurance Company Ltd,Financial Services,2022-03-01,4020.0,313,255.0,50848.0,0.005014946507237256,7.786069651741294,2.3893411913059,Weak,Low Risk,Weak operational cash flow detected. Improve liquidity management.,0.0,0.0,0.0
ICICI Lombard General Insurance Company Ltd,Financial Services,2023-03-01,4519.0,437,35.0,55086.0,0.0006353701484950804,9.670281035627351,2.963470397897297,Weak,Low Risk,Weak operational cash flow detected. Improve liquidity management.,0.0,0.0,0.0
UPL Limited,Chemicals,2020-03-01,11141.0,784,29388.0,68428.0,0.4294733150172444,7.037070280944261,2.134633389187703,Weak,Medium Risk,Weak operational cash flow detected. Improve liquidity management.,52.98,0.0,-108.67
UPL Limited,Chemicals,2021-03-01,12796.0,1361,24519.0,68765.0,0.3565622046099033,10.636136292591434,3.2309601344872396,Weak,Medium Risk,Weak operational cash flow detected. Improve liquidity management.,52.98,0.0,-108.67
UPL Limited,Chemicals,2022-03-01,15861.0,1735,26746.0,80603.0,0.3318238775231691,10.938780656957316,3.322605376819959,Weak,Medium Risk,Weak operational cash flow detected. Improve liquidity management.,52.98,0.0,-108.67
UPL Limited,Chemicals,2023-03-01,16569.0,1080,23939.0,88577.0,0.2702620319044447,6.518196632265074,2.019477865911501,Weak,Low Risk,Weak operational cash flow detected. Improve liquidity management.,52.98,0.0,-108.67
JINDAL STEEL & POWER LTD.,Metals & Mining,2020-03-01,6795.0,306,36824.0,89742.0,0.41033184016402574,4.503311258278146,1.3956603115834192,Weak,Medium Risk,Low profitability observed. Improve operational efficiency and revenue growth.,21.87,0.0,785.27
JINDAL STEEL & POWER LTD.,Metals & Mining,2021-03-01,10594.0,2139,29910.0,77840.0,0.3842497430626927,20.190673966396073,6.133308305026735,Moderate,Medium Risk,Weak operational cash flow detected. Improve liquidity management.,21.87,0.0,785.27
JINDAL STEEL & POWER LTD.,Metals & Mining,2022-03-01,14339.0,2207,13502.0,76644.0,0.17616512708105006,15.391589371643768,4.7631685812337485,Weak,Low Risk,Moderate financial stability observed with balanced financial performance.,21.87,0.0,785.27
JINDAL STEEL & POWER LTD.,Metals & Mining,2023-03-01,13692.0,466,13046.0,69427.0,0.18790960289224654,3.403447268477943,1.1712322302934801,Weak,Low Risk,Low profitability observed. Improve operational efficiency and revenue growth.,21.87,0.0,785.27
